lesion_id,AKIEC,BCC,BEN_OTH,BKL,DF,INF,MAL_OTH,MEL,NV,SCCKA,VASC,label,source_lesion_id,pair_metadata_complete,existing_image_files,pair_files_complete,qc_available,target_probability,is_target_predicted,qc_pass,usable,selected_inventory,selected_usable,selection_reason
IL_0252336__sdpair_003,0.0,0.0,0.0,0.0,0.0,0.0,1.0,0.0,0.0,0.0,0.0,MAL_OTH,IL_0252336,True,0,False,False,,False,False,False,True,False,missing_image_pair
IL_3397052__sdpair_003,0.0,0.0,0.0,0.0,0.0,0.0,1.0,0.0,0.0,0.0,0.0,MAL_OTH,IL_3397052,True,0,False,False,,False,False,False,True,False,missing_image_pair
IL_6598167__sdpair_000,0.0,0.0,0.0,0.0,0.0,0.0,1.0,0.0,0.0,0.0,0.0,MAL_OTH,IL_6598167,True,0,False,False,,False,False,False,True,False,missing_image_pair
IL_7488705__sdpair_001,0.0,0.0,0.0,0.0,0.0,0.0,1.0,0.0,0.0,0.0,0.0,MAL_OTH,IL_7488705,True,0,False,False,,False,False,False,True,False,missing_image_pair
IL_7488705__sdpair_004,0.0,0.0,0.0,0.0,0.0,0.0,1.0,0.0,0.0,0.0,0.0,MAL_OTH,IL_7488705,True,0,False,False,,False,False,False,False,False,missing_image_pair
IL_8173942__sdpair_003,0.0,0.0,0.0,0.0,0.0,0.0,1.0,0.0,0.0,0.0,0.0,MAL_OTH,IL_8173942,True,0,False,False,,False,False,False,True,False,missing_image_pair
IL_8907892__sdpair_001,0.0,0.0,0.0,0.0,0.0,0.0,1.0,0.0,0.0,0.0,0.0,MAL_OTH,IL_8907892,True,0,False,False,,False,False,False,False,False,missing_image_pair
IL_8907892__sdpair_002,0.0,0.0,0.0,0.0,0.0,0.0,1.0,0.0,0.0,0.0,0.0,MAL_OTH,IL_8907892,True,0,False,False,,False,False,False,False,False,missing_image_pair
IL_8907892__sdpair_003,0.0,0.0,0.0,0.0,0.0,0.0,1.0,0.0,0.0,0.0,0.0,MAL_OTH,IL_8907892,True,0,False,False,,False,False,False,False,False,missing_image_pair
IL_0100733__sdpair_000,0.0,0.0,1.0,0.0,0.0,0.0,0.0,0.0,0.0,0.0,0.0,BEN_OTH,IL_0100733,True,0,False,False,,False,False,False,True,False,missing_image_pair
IL_0100733__sdpair_001,0.0,0.0,1.0,0.0,0.0,0.0,0.0,0.0,0.0,0.0,0.0,BEN_OTH,IL_0100733,True,0,False,False,,False,False,False,True,False,missing_image_pair
IL_0100733__sdpair_002,0.0,0.0,1.0,0.0,0.0,0.0,0.0,0.0,0.0,0.0,0.0,BEN_OTH,IL_0100733,True,0,False,False,,False,False,False,True,False,missing_image_pair
IL_0100733__sdpair_004,0.0,0.0,1.0,0.0,0.0,0.0,0.0,0.0,0.0,0.0,0.0,BEN_OTH,IL_0100733,True,0,False,False,,False,False,False,False,False,missing_image_pair
IL_0100733__sdpair_005,0.0,0.0,1.0,0.0,0.0,0.0,0.0,0.0,0.0,0.0,0.0,BEN_OTH,IL_0100733,True,0,False,False,,False,False,False,False,False,missing_image_pair
IL_0702204__sdpair_000,0.0,0.0,1.0,0.0,0.0,0.0,0.0,0.0,0.0,0.0,0.0,BEN_OTH,IL_0702204,True,0,False,False,,False,False,False,True,False,missing_image_pair
IL_0702204__sdpair_002,0.0,0.0,1.0,0.0,0.0,0.0,0.0,0.0,0.0,0.0,0.0,BEN_OTH,IL_0702204,True,0,False,False,,False,False,False,True,False,missing_image_pair
IL_0702204__sdpair_005,0.0,0.0,1.0,0.0,0.0,0.0,0.0,0.0,0.0,0.0,0.0,BEN_OTH,IL_0702204,True,0,False,False,,False,False,False,True,False,missing_image_pair
IL_0706157__sdpair_000,0.0,0.0,1.0,0.0,0.0,0.0,0.0,0.0,0.0,0.0,0.0,BEN_OTH,IL_0706157,True,0,False,False,,False,False,False,True,False,missing_image_pair
IL_0706157__sdpair_001,0.0,0.0,1.0,0.0,0.0,0.0,0.0,0.0,0.0,0.0,0.0,BEN_OTH,IL_0706157,True,0,False,False,,False,False,False,True,False,missing_image_pair
IL_1075637__sdpair_003,0.0,0.0,1.0,0.0,0.0,0.0,0.0,0.0,0.0,0.0,0.0,BEN_OTH,IL_1075637,True,0,False,False,,False,False,False,True,False,missing_image_pair
IL_1222046__sdpair_000,0.0,0.0,1.0,0.0,0.0,0.0,0.0,0.0,0.0,0.0,0.0,BEN_OTH,IL_1222046,True,0,False,False,,False,False,False,True,False,missing_image_pair
IL_1345766__sdpair_002,0.0,0.0,1.0,0.0,0.0,0.0,0.0,0.0,0.0,0.0,0.0,BEN_OTH,IL_1345766,True,0,False,False,,False,False,False,True,False,missing_image_pair
IL_1418098__sdpair_001,0.0,0.0,1.0,0.0,0.0,0.0,0.0,0.0,0.0,0.0,0.0,BEN_OTH,IL_1418098,True,0,False,False,,False,False,False,True,False,missing_image_pair
IL_1418098__sdpair_002,0.0,0.0,1.0,0.0,0.0,0.0,0.0,0.0,0.0,0.0,0.0,BEN_OTH,IL_1418098,True,0,False,False,,False,False,False,True,False,missing_image_pair
IL_1418098__sdpair_003,0.0,0.0,1.0,0.0,0.0,0.0,0.0,0.0,0.0,0.0,0.0,BEN_OTH,IL_1418098,True,0,False,False,,False,False,False,True,False,missing_image_pair
IL_2150976__sdpair_000,0.0,0.0,1.0,0.0,0.0,0.0,0.0,0.0,0.0,0.0,0.0,BEN_OTH,IL_2150976,True,0,False,False,,False,False,False,True,False,missing_image_pair
IL_2150976__sdpair_001,0.0,0.0,1.0,0.0,0.0,0.0,0.0,0.0,0.0,0.0,0.0,BEN_OTH,IL_2150976,True,0,False,False,,False,False,False,True,False,missing_image_pair
IL_2150976__sdpair_002,0.0,0.0,1.0,0.0,0.0,0.0,0.0,0.0,0.0,0.0,0.0,BEN_OTH,IL_2150976,True,0,False,False,,False,False,False,True,False,missing_image_pair
IL_2150976__sdpair_005,0.0,0.0,1.0,0.0,0.0,0.0,0.0,0.0,0.0,0.0,0.0,BEN_OTH,IL_2150976,True,0,False,False,,False,False,False,False,False,missing_image_pair
IL_2692187__sdpair_001,0.0,0.0,1.0,0.0,0.0,0.0,0.0,0.0,0.0,0.0,0.0,BEN_OTH,IL_2692187,True,0,False,False,,False,False,False,True,False,missing_image_pair
IL_2692187__sdpair_002,0.0,0.0,1.0,0.0,0.0,0.0,0.0,0.0,0.0,0.0,0.0,BEN_OTH,IL_2692187,True,0,False,False,,False,False,False,True,False,missing_image_pair
IL_2692187__sdpair_003,0.0,0.0,1.0,0.0,0.0,0.0,0.0,0.0,0.0,0.0,0.0,BEN_OTH,IL_2692187,True,0,False,False,,False,False,False,True,False,missing_image_pair
IL_2692187__sdpair_004,0.0,0.0,1.0,0.0,0.0,0.0,0.0,0.0,0.0,0.0,0.0,BEN_OTH,IL_2692187,True,0,False,False,,False,False,False,False,False,missing_image_pair
IL_2692187__sdpair_005,0.0,0.0,1.0,0.0,0.0,0.0,0.0,0.0,0.0,0.0,0.0,BEN_OTH,IL_2692187,True,0,False,False,,False,False,False,False,False,missing_image_pair
IL_3540228__sdpair_002,0.0,0.0,1.0,0.0,0.0,0.0,0.0,0.0,0.0,0.0,0.0,BEN_OTH,IL_3540228,True,0,False,False,,False,False,False,True,False,missing_image_pair
IL_3738052__sdpair_005,0.0,0.0,1.0,0.0,0.0,0.0,0.0,0.0,0.0,0.0,0.0,BEN_OTH,IL_3738052,True,0,False,False,,False,False,False,True,False,missing_image_pair
IL_4258964__sdpair_001,0.0,0.0,1.0,0.0,0.0,0.0,0.0,0.0,0.0,0.0,0.0,BEN_OTH,IL_4258964,True,0,False,False,,False,False,False,True,False,missing_image_pair
IL_4258964__sdpair_003,0.0,0.0,1.0,0.0,0.0,0.0,0.0,0.0,0.0,0.0,0.0,BEN_OTH,IL_4258964,True,0,False,False,,False,False,False,True,False,missing_image_pair
IL_5623343__sdpair_002,0.0,0.0,1.0,0.0,0.0,0.0,0.0,0.0,0.0,0.0,0.0,BEN_OTH,IL_5623343,True,0,False,False,,False,False,False,True,False,missing_image_pair
IL_5623343__sdpair_005,0.0,0.0,1.0,0.0,0.0,0.0,0.0,0.0,0.0,0.0,0.0,BEN_OTH,IL_5623343,True,0,False,False,,False,False,False,True,False,missing_image_pair
IL_6695946__sdpair_004,0.0,0.0,1.0,0.0,0.0,0.0,0.0,0.0,0.0,0.0,0.0,BEN_OTH,IL_6695946,True,0,False,False,,False,False,False,True,False,missing_image_pair
IL_6832488__sdpair_005,0.0,0.0,1.0,0.0,0.0,0.0,0.0,0.0,0.0,0.0,0.0,BEN_OTH,IL_6832488,True,0,False,False,,False,False,False,True,False,missing_image_pair
IL_7075634__sdpair_000,0.0,0.0,1.0,0.0,0.0,0.0,0.0,0.0,0.0,0.0,0.0,BEN_OTH,IL_7075634,True,0,False,False,,False,False,False,True,False,missing_image_pair
IL_7075634__sdpair_001,0.0,0.0,1.0,0.0,0.0,0.0,0.0,0.0,0.0,0.0,0.0,BEN_OTH,IL_7075634,True,0,False,False,,False,False,False,True,False,missing_image_pair
IL_7075634__sdpair_002,0.0,0.0,1.0,0.0,0.0,0.0,0.0,0.0,0.0,0.0,0.0,BEN_OTH,IL_7075634,True,0,False,False,,False,False,False,True,False,missing_image_pair
IL_7075634__sdpair_003,0.0,0.0,1.0,0.0,0.0,0.0,0.0,0.0,0.0,0.0,0.0,BEN_OTH,IL_7075634,True,0,False,False,,False,False,False,False,False,missing_image_pair
IL_7075634__sdpair_004,0.0,0.0,1.0,0.0,0.0,0.0,0.0,0.0,0.0,0.0,0.0,BEN_OTH,IL_7075634,True,0,False,False,,False,False,False,False,False,missing_image_pair
IL_7075634__sdpair_005,0.0,0.0,1.0,0.0,0.0,0.0,0.0,0.0,0.0,0.0,0.0,BEN_OTH,IL_7075634,True,0,False,False,,False,False,False,False,False,missing_image_pair
IL_7581043__sdpair_001,0.0,0.0,1.0,0.0,0.0,0.0,0.0,0.0,0.0,0.0,0.0,BEN_OTH,IL_7581043,True,0,False,False,,False,False,False,True,False,missing_image_pair
IL_7581043__sdpair_002,0.0,0.0,1.0,0.0,0.0,0.0,0.0,0.0,0.0,0.0,0.0,BEN_OTH,IL_7581043,True,0,False,False,,False,False,False,True,False,missing_image_pair
IL_7743352__sdpair_001,0.0,0.0,1.0,0.0,0.0,0.0,0.0,0.0,0.0,0.0,0.0,BEN_OTH,IL_7743352,True,0,False,False,,False,False,False,True,False,missing_image_pair
IL_8145813__sdpair_001,0.0,0.0,1.0,0.0,0.0,0.0,0.0,0.0,0.0,0.0,0.0,BEN_OTH,IL_8145813,True,0,False,False,,False,False,False,True,False,missing_image_pair
IL_8145813__sdpair_002,0.0,0.0,1.0,0.0,0.0,0.0,0.0,0.0,0.0,0.0,0.0,BEN_OTH,IL_8145813,True,0,False,False,,False,False,False,True,False,missing_image_pair
IL_8145813__sdpair_003,0.0,0.0,1.0,0.0,0.0,0.0,0.0,0.0,0.0,0.0,0.0,BEN_OTH,IL_8145813,True,0,False,False,,False,False,False,True,False,missing_image_pair
IL_8160773__sdpair_003,0.0,0.0,1.0,0.0,0.0,0.0,0.0,0.0,0.0,0.0,0.0,BEN_OTH,IL_8160773,True,0,False,False,,False,False,False,True,False,missing_image_pair
IL_8160773__sdpair_004,0.0,0.0,1.0,0.0,0.0,0.0,0.0,0.0,0.0,0.0,0.0,BEN_OTH,IL_8160773,True,0,False,False,,False,False,False,True,False,missing_image_pair
IL_8160773__sdpair_005,0.0,0.0,1.0,0.0,0.0,0.0,0.0,0.0,0.0,0.0,0.0,BEN_OTH,IL_8160773,True,0,False,False,,False,False,False,True,False,missing_image_pair
IL_8169516__sdpair_000,0.0,0.0,1.0,0.0,0.0,0.0,0.0,0.0,0.0,0.0,0.0,BEN_OTH,IL_8169516,True,0,False,False,,False,False,False,True,False,missing_image_pair
IL_8169516__sdpair_001,0.0,0.0,1.0,0.0,0.0,0.0,0.0,0.0,0.0,0.0,0.0,BEN_OTH,IL_8169516,True,0,False,False,,False,False,False,True,False,missing_image_pair
IL_8169516__sdpair_003,0.0,0.0,1.0,0.0,0.0,0.0,0.0,0.0,0.0,0.0,0.0,BEN_OTH,IL_8169516,True,0,False,False,,False,False,False,True,False,missing_image_pair
IL_8557195__sdpair_000,0.0,0.0,1.0,0.0,0.0,0.0,0.0,0.0,0.0,0.0,0.0,BEN_OTH,IL_8557195,True,0,False,False,,False,False,False,True,False,missing_image_pair
IL_8557195__sdpair_001,0.0,0.0,1.0,0.0,0.0,0.0,0.0,0.0,0.0,0.0,0.0,BEN_OTH,IL_8557195,True,0,False,False,,False,False,False,True,False,missing_image_pair
IL_8557195__sdpair_003,0.0,0.0,1.0,0.0,0.0,0.0,0.0,0.0,0.0,0.0,0.0,BEN_OTH,IL_8557195,True,0,False,False,,False,False,False,True,False,missing_image_pair
IL_8557195__sdpair_005,0.0,0.0,1.0,0.0,0.0,0.0,0.0,0.0,0.0,0.0,0.0,BEN_OTH,IL_8557195,True,0,False,False,,False,False,False,False,False,missing_image_pair
IL_8606392__sdpair_003,0.0,0.0,1.0,0.0,0.0,0.0,0.0,0.0,0.0,0.0,0.0,BEN_OTH,IL_8606392,True,0,False,False,,False,False,False,True,False,missing_image_pair
IL_8727543__sdpair_002,0.0,0.0,1.0,0.0,0.0,0.0,0.0,0.0,0.0,0.0,0.0,BEN_OTH,IL_8727543,True,0,False,False,,False,False,False,True,False,missing_image_pair
IL_8784300__sdpair_002,0.0,0.0,1.0,0.0,0.0,0.0,0.0,0.0,0.0,0.0,0.0,BEN_OTH,IL_8784300,True,0,False,False,,False,False,False,True,False,missing_image_pair
IL_8784300__sdpair_003,0.0,0.0,1.0,0.0,0.0,0.0,0.0,0.0,0.0,0.0,0.0,BEN_OTH,IL_8784300,True,0,False,False,,False,False,False,True,False,missing_image_pair
IL_8784300__sdpair_005,0.0,0.0,1.0,0.0,0.0,0.0,0.0,0.0,0.0,0.0,0.0,BEN_OTH,IL_8784300,True,0,False,False,,False,False,False,True,False,missing_image_pair
IL_8946416__sdpair_002,0.0,0.0,1.0,0.0,0.0,0.0,0.0,0.0,0.0,0.0,0.0,BEN_OTH,IL_8946416,True,0,False,False,,False,False,False,True,False,missing_image_pair
IL_8946416__sdpair_005,0.0,0.0,1.0,0.0,0.0,0.0,0.0,0.0,0.0,0.0,0.0,BEN_OTH,IL_8946416,True,0,False,False,,False,False,False,True,False,missing_image_pair
IL_8971740__sdpair_000,0.0,0.0,1.0,0.0,0.0,0.0,0.0,0.0,0.0,0.0,0.0,BEN_OTH,IL_8971740,True,0,False,False,,False,False,False,True,False,missing_image_pair
IL_8971740__sdpair_001,0.0,0.0,1.0,0.0,0.0,0.0,0.0,0.0,0.0,0.0,0.0,BEN_OTH,IL_8971740,True,0,False,False,,False,False,False,True,False,missing_image_pair
IL_8971740__sdpair_003,0.0,0.0,1.0,0.0,0.0,0.0,0.0,0.0,0.0,0.0,0.0,BEN_OTH,IL_8971740,True,0,False,False,,False,False,False,True,False,missing_image_pair
IL_8971740__sdpair_004,0.0,0.0,1.0,0.0,0.0,0.0,0.0,0.0,0.0,0.0,0.0,BEN_OTH,IL_8971740,True,0,False,False,,False,False,False,False,False,missing_image_pair
IL_8971740__sdpair_005,0.0,0.0,1.0,0.0,0.0,0.0,0.0,0.0,0.0,0.0,0.0,BEN_OTH,IL_8971740,True,0,False,False,,False,False,False,False,False,missing_image_pair
IL_9274006__sdpair_000,0.0,0.0,1.0,0.0,0.0,0.0,0.0,0.0,0.0,0.0,0.0,BEN_OTH,IL_9274006,True,0,False,False,,False,False,False,True,False,missing_image_pair
IL_9274006__sdpair_003,0.0,0.0,1.0,0.0,0.0,0.0,0.0,0.0,0.0,0.0,0.0,BEN_OTH,IL_9274006,True,0,False,False,,False,False,False,True,False,missing_image_pair
IL_9274006__sdpair_005,0.0,0.0,1.0,0.0,0.0,0.0,0.0,0.0,0.0,0.0,0.0,BEN_OTH,IL_9274006,True,0,False,False,,False,False,False,True,False,missing_image_pair
IL_9334838__sdpair_004,0.0,0.0,1.0,0.0,0.0,0.0,0.0,0.0,0.0,0.0,0.0,BEN_OTH,IL_9334838,True,0,False,False,,False,False,False,True,False,missing_image_pair
IL_0340330__sdpair_000,0.0,0.0,0.0,0.0,0.0,0.0,0.0,0.0,0.0,0.0,1.0,VASC,IL_0340330,True,0,False,False,,False,False,False,True,False,missing_image_pair
IL_0340330__sdpair_002,0.0,0.0,0.0,0.0,0.0,0.0,0.0,0.0,0.0,0.0,1.0,VASC,IL_0340330,True,0,False,False,,False,False,False,True,False,missing_image_pair
IL_0340330__sdpair_003,0.0,0.0,0.0,0.0,0.0,0.0,0.0,0.0,0.0,0.0,1.0,VASC,IL_0340330,True,0,False,False,,False,False,False,True,False,missing_image_pair
IL_0340330__sdpair_004,0.0,0.0,0.0,0.0,0.0,0.0,0.0,0.0,0.0,0.0,1.0,VASC,IL_0340330,True,0,False,False,,False,False,False,False,False,missing_image_pair
IL_0340330__sdpair_005,0.0,0.0,0.0,0.0,0.0,0.0,0.0,0.0,0.0,0.0,1.0,VASC,IL_0340330,True,0,False,False,,False,False,False,False,False,missing_image_pair
IL_0694902__sdpair_001,0.0,0.0,0.0,0.0,0.0,0.0,0.0,0.0,0.0,0.0,1.0,VASC,IL_0694902,True,0,False,False,,False,False,False,True,False,missing_image_pair
IL_0694902__sdpair_002,0.0,0.0,0.0,0.0,0.0,0.0,0.0,0.0,0.0,0.0,1.0,VASC,IL_0694902,True,0,False,False,,False,False,False,True,False,missing_image_pair
IL_0694902__sdpair_003,0.0,0.0,0.0,0.0,0.0,0.0,0.0,0.0,0.0,0.0,1.0,VASC,IL_0694902,True,0,False,False,,False,False,False,True,False,missing_image_pair
IL_0694902__sdpair_004,0.0,0.0,0.0,0.0,0.0,0.0,0.0,0.0,0.0,0.0,1.0,VASC,IL_0694902,True,0,False,False,,False,False,False,False,False,missing_image_pair
IL_0694902__sdpair_005,0.0,0.0,0.0,0.0,0.0,0.0,0.0,0.0,0.0,0.0,1.0,VASC,IL_0694902,True,0,False,False,,False,False,False,False,False,missing_image_pair
IL_0915251__sdpair_003,0.0,0.0,0.0,0.0,0.0,0.0,0.0,0.0,0.0,0.0,1.0,VASC,IL_0915251,True,0,False,False,,False,False,False,True,False,missing_image_pair
IL_0915251__sdpair_005,0.0,0.0,0.0,0.0,0.0,0.0,0.0,0.0,0.0,0.0,1.0,VASC,IL_0915251,True,0,False,False,,False,False,False,True,False,missing_image_pair
IL_1013534__sdpair_000,0.0,0.0,0.0,0.0,0.0,0.0,0.0,0.0,0.0,0.0,1.0,VASC,IL_1013534,True,0,False,False,,False,False,False,True,False,missing_image_pair
IL_1013534__sdpair_001,0.0,0.0,0.0,0.0,0.0,0.0,0.0,0.0,0.0,0.0,1.0,VASC,IL_1013534,True,0,False,False,,False,False,False,True,False,missing_image_pair
IL_1013534__sdpair_002,0.0,0.0,0.0,0.0,0.0,0.0,0.0,0.0,0.0,0.0,1.0,VASC,IL_1013534,True,0,False,False,,False,False,False,True,False,missing_image_pair
IL_1013534__sdpair_003,0.0,0.0,0.0,0.0,0.0,0.0,0.0,0.0,0.0,0.0,1.0,VASC,IL_1013534,True,0,False,False,,False,False,False,False,False,missing_image_pair
IL_1013534__sdpair_004,0.0,0.0,0.0,0.0,0.0,0.0,0.0,0.0,0.0,0.0,1.0,VASC,IL_1013534,True,0,False,False,,False,False,False,False,False,missing_image_pair
IL_1013534__sdpair_005,0.0,0.0,0.0,0.0,0.0,0.0,0.0,0.0,0.0,0.0,1.0,VASC,IL_1013534,True,0,False,False,,False,False,False,False,False,missing_image_pair
IL_1032364__sdpair_000,0.0,0.0,0.0,0.0,0.0,0.0,0.0,0.0,0.0,0.0,1.0,VASC,IL_1032364,True,0,False,False,,False,False,False,True,False,missing_image_pair
IL_1032364__sdpair_001,0.0,0.0,0.0,0.0,0.0,0.0,0.0,0.0,0.0,0.0,1.0,VASC,IL_1032364,True,0,False,False,,False,False,False,True,False,missing_image_pair
IL_1032364__sdpair_002,0.0,0.0,0.0,0.0,0.0,0.0,0.0,0.0,0.0,0.0,1.0,VASC,IL_1032364,True,0,False,False,,False,False,False,True,False,missing_image_pair
IL_1032364__sdpair_003,0.0,0.0,0.0,0.0,0.0,0.0,0.0,0.0,0.0,0.0,1.0,VASC,IL_1032364,True,0,False,False,,False,False,False,False,False,missing_image_pair
IL_1032364__sdpair_004,0.0,0.0,0.0,0.0,0.0,0.0,0.0,0.0,0.0,0.0,1.0,VASC,IL_1032364,True,0,False,False,,False,False,False,False,False,missing_image_pair
IL_1032364__sdpair_005,0.0,0.0,0.0,0.0,0.0,0.0,0.0,0.0,0.0,0.0,1.0,VASC,IL_1032364,True,0,False,False,,False,False,False,False,False,missing_image_pair
IL_1207845__sdpair_000,0.0,0.0,0.0,0.0,0.0,0.0,0.0,0.0,0.0,0.0,1.0,VASC,IL_1207845,True,0,False,False,,False,False,False,True,False,missing_image_pair
IL_1207845__sdpair_001,0.0,0.0,0.0,0.0,0.0,0.0,0.0,0.0,0.0,0.0,1.0,VASC,IL_1207845,True,0,False,False,,False,False,False,True,False,missing_image_pair
IL_1207845__sdpair_002,0.0,0.0,0.0,0.0,0.0,0.0,0.0,0.0,0.0,0.0,1.0,VASC,IL_1207845,True,0,False,False,,False,False,False,True,False,missing_image_pair
IL_1207845__sdpair_003,0.0,0.0,0.0,0.0,0.0,0.0,0.0,0.0,0.0,0.0,1.0,VASC,IL_1207845,True,0,False,False,,False,False,False,False,False,missing_image_pair
IL_1207845__sdpair_004,0.0,0.0,0.0,0.0,0.0,0.0,0.0,0.0,0.0,0.0,1.0,VASC,IL_1207845,True,0,False,False,,False,False,False,False,False,missing_image_pair
IL_1207845__sdpair_005,0.0,0.0,0.0,0.0,0.0,0.0,0.0,0.0,0.0,0.0,1.0,VASC,IL_1207845,True,0,False,False,,False,False,False,False,False,missing_image_pair
IL_1556034__sdpair_000,0.0,0.0,0.0,0.0,0.0,0.0,0.0,0.0,0.0,0.0,1.0,VASC,IL_1556034,True,0,False,False,,False,False,False,True,False,missing_image_pair
IL_1556034__sdpair_001,0.0,0.0,0.0,0.0,0.0,0.0,0.0,0.0,0.0,0.0,1.0,VASC,IL_1556034,True,0,False,False,,False,False,False,True,False,missing_image_pair
IL_1556034__sdpair_002,0.0,0.0,0.0,0.0,0.0,0.0,0.0,0.0,0.0,0.0,1.0,VASC,IL_1556034,True,0,False,False,,False,False,False,True,False,missing_image_pair
IL_1556034__sdpair_003,0.0,0.0,0.0,0.0,0.0,0.0,0.0,0.0,0.0,0.0,1.0,VASC,IL_1556034,True,0,False,False,,False,False,False,False,False,missing_image_pair
IL_1556034__sdpair_004,0.0,0.0,0.0,0.0,0.0,0.0,0.0,0.0,0.0,0.0,1.0,VASC,IL_1556034,True,0,False,False,,False,False,False,False,False,missing_image_pair
IL_1556034__sdpair_005,0.0,0.0,0.0,0.0,0.0,0.0,0.0,0.0,0.0,0.0,1.0,VASC,IL_1556034,True,0,False,False,,False,False,False,False,False,missing_image_pair
IL_1693296__sdpair_002,0.0,0.0,0.0,0.0,0.0,0.0,0.0,0.0,0.0,0.0,1.0,VASC,IL_1693296,True,0,False,False,,False,False,False,True,False,missing_image_pair
IL_1740059__sdpair_000,0.0,0.0,0.0,0.0,0.0,0.0,0.0,0.0,0.0,0.0,1.0,VASC,IL_1740059,True,0,False,False,,False,False,False,True,False,missing_image_pair
IL_1740059__sdpair_002,0.0,0.0,0.0,0.0,0.0,0.0,0.0,0.0,0.0,0.0,1.0,VASC,IL_1740059,True,0,False,False,,False,False,False,True,False,missing_image_pair
IL_1740059__sdpair_004,0.0,0.0,0.0,0.0,0.0,0.0,0.0,0.0,0.0,0.0,1.0,VASC,IL_1740059,True,0,False,False,,False,False,False,True,False,missing_image_pair
IL_1740059__sdpair_005,0.0,0.0,0.0,0.0,0.0,0.0,0.0,0.0,0.0,0.0,1.0,VASC,IL_1740059,True,0,False,False,,False,False,False,False,False,missing_image_pair
IL_1827145__sdpair_000,0.0,0.0,0.0,0.0,0.0,0.0,0.0,0.0,0.0,0.0,1.0,VASC,IL_1827145,True,0,False,False,,False,False,False,True,False,missing_image_pair
IL_1827145__sdpair_001,0.0,0.0,0.0,0.0,0.0,0.0,0.0,0.0,0.0,0.0,1.0,VASC,IL_1827145,True,0,False,False,,False,False,False,True,False,missing_image_pair
IL_1827145__sdpair_004,0.0,0.0,0.0,0.0,0.0,0.0,0.0,0.0,0.0,0.0,1.0,VASC,IL_1827145,True,0,False,False,,False,False,False,True,False,missing_image_pair
IL_1827145__sdpair_005,0.0,0.0,0.0,0.0,0.0,0.0,0.0,0.0,0.0,0.0,1.0,VASC,IL_1827145,True,0,False,False,,False,False,False,False,False,missing_image_pair
IL_1858842__sdpair_000,0.0,0.0,0.0,0.0,0.0,0.0,0.0,0.0,0.0,0.0,1.0,VASC,IL_1858842,True,0,False,False,,False,False,False,True,False,missing_image_pair
IL_1858842__sdpair_001,0.0,0.0,0.0,0.0,0.0,0.0,0.0,0.0,0.0,0.0,1.0,VASC,IL_1858842,True,0,False,False,,False,False,False,True,False,missing_image_pair
IL_1858842__sdpair_002,0.0,0.0,0.0,0.0,0.0,0.0,0.0,0.0,0.0,0.0,1.0,VASC,IL_1858842,True,0,False,False,,False,False,False,True,False,missing_image_pair
IL_1858842__sdpair_003,0.0,0.0,0.0,0.0,0.0,0.0,0.0,0.0,0.0,0.0,1.0,VASC,IL_1858842,True,0,False,False,,False,False,False,False,False,missing_image_pair
IL_1858842__sdpair_004,0.0,0.0,0.0,0.0,0.0,0.0,0.0,0.0,0.0,0.0,1.0,VASC,IL_1858842,True,0,False,False,,False,False,False,False,False,missing_image_pair
IL_1858842__sdpair_005,0.0,0.0,0.0,0.0,0.0,0.0,0.0,0.0,0.0,0.0,1.0,VASC,IL_1858842,True,0,False,False,,False,False,False,False,False,missing_image_pair
IL_1967474__sdpair_000,0.0,0.0,0.0,0.0,0.0,0.0,0.0,0.0,0.0,0.0,1.0,VASC,IL_1967474,True,0,False,False,,False,False,False,True,False,missing_image_pair
IL_1967474__sdpair_001,0.0,0.0,0.0,0.0,0.0,0.0,0.0,0.0,0.0,0.0,1.0,VASC,IL_1967474,True,0,False,False,,False,False,False,True,False,missing_image_pair
IL_1967474__sdpair_002,0.0,0.0,0.0,0.0,0.0,0.0,0.0,0.0,0.0,0.0,1.0,VASC,IL_1967474,True,0,False,False,,False,False,False,True,False,missing_image_pair
IL_1967474__sdpair_003,0.0,0.0,0.0,0.0,0.0,0.0,0.0,0.0,0.0,0.0,1.0,VASC,IL_1967474,True,0,False,False,,False,False,False,False,False,missing_image_pair
IL_1967474__sdpair_004,0.0,0.0,0.0,0.0,0.0,0.0,0.0,0.0,0.0,0.0,1.0,VASC,IL_1967474,True,0,False,False,,False,False,False,False,False,missing_image_pair
IL_1967474__sdpair_005,0.0,0.0,0.0,0.0,0.0,0.0,0.0,0.0,0.0,0.0,1.0,VASC,IL_1967474,True,0,False,False,,False,False,False,False,False,missing_image_pair
IL_2160413__sdpair_001,0.0,0.0,0.0,0.0,0.0,0.0,0.0,0.0,0.0,0.0,1.0,VASC,IL_2160413,True,0,False,False,,False,False,False,True,False,missing_image_pair
IL_2160413__sdpair_003,0.0,0.0,0.0,0.0,0.0,0.0,0.0,0.0,0.0,0.0,1.0,VASC,IL_2160413,True,0,False,False,,False,False,False,True,False,missing_image_pair
IL_2160413__sdpair_004,0.0,0.0,0.0,0.0,0.0,0.0,0.0,0.0,0.0,0.0,1.0,VASC,IL_2160413,True,0,False,False,,False,False,False,True,False,missing_image_pair
IL_2160413__sdpair_005,0.0,0.0,0.0,0.0,0.0,0.0,0.0,0.0,0.0,0.0,1.0,VASC,IL_2160413,True,0,False,False,,False,False,False,False,False,missing_image_pair
IL_2233251__sdpair_000,0.0,0.0,0.0,0.0,0.0,0.0,0.0,0.0,0.0,0.0,1.0,VASC,IL_2233251,True,0,False,False,,False,False,False,True,False,missing_image_pair
IL_2233251__sdpair_001,0.0,0.0,0.0,0.0,0.0,0.0,0.0,0.0,0.0,0.0,1.0,VASC,IL_2233251,True,0,False,False,,False,False,False,True,False,missing_image_pair
IL_2233251__sdpair_002,0.0,0.0,0.0,0.0,0.0,0.0,0.0,0.0,0.0,0.0,1.0,VASC,IL_2233251,True,0,False,False,,False,False,False,True,False,missing_image_pair
IL_2233251__sdpair_003,0.0,0.0,0.0,0.0,0.0,0.0,0.0,0.0,0.0,0.0,1.0,VASC,IL_2233251,True,0,False,False,,False,False,False,False,False,missing_image_pair
IL_2233251__sdpair_004,0.0,0.0,0.0,0.0,0.0,0.0,0.0,0.0,0.0,0.0,1.0,VASC,IL_2233251,True,0,False,False,,False,False,False,False,False,missing_image_pair
IL_2233251__sdpair_005,0.0,0.0,0.0,0.0,0.0,0.0,0.0,0.0,0.0,0.0,1.0,VASC,IL_2233251,True,0,False,False,,False,False,False,False,False,missing_image_pair
IL_2652788__sdpair_000,0.0,0.0,0.0,0.0,0.0,0.0,0.0,0.0,0.0,0.0,1.0,VASC,IL_2652788,True,0,False,False,,False,False,False,True,False,missing_image_pair
IL_2652788__sdpair_001,0.0,0.0,0.0,0.0,0.0,0.0,0.0,0.0,0.0,0.0,1.0,VASC,IL_2652788,True,0,False,False,,False,False,False,True,False,missing_image_pair
IL_2652788__sdpair_002,0.0,0.0,0.0,0.0,0.0,0.0,0.0,0.0,0.0,0.0,1.0,VASC,IL_2652788,True,0,False,False,,False,False,False,True,False,missing_image_pair
IL_2652788__sdpair_003,0.0,0.0,0.0,0.0,0.0,0.0,0.0,0.0,0.0,0.0,1.0,VASC,IL_2652788,True,0,False,False,,False,False,False,False,False,missing_image_pair
IL_2652788__sdpair_004,0.0,0.0,0.0,0.0,0.0,0.0,0.0,0.0,0.0,0.0,1.0,VASC,IL_2652788,True,0,False,False,,False,False,False,False,False,missing_image_pair
IL_2652788__sdpair_005,0.0,0.0,0.0,0.0,0.0,0.0,0.0,0.0,0.0,0.0,1.0,VASC,IL_2652788,True,0,False,False,,False,False,False,False,False,missing_image_pair
IL_2810751__sdpair_000,0.0,0.0,0.0,0.0,0.0,0.0,0.0,0.0,0.0,0.0,1.0,VASC,IL_2810751,True,0,False,False,,False,False,False,True,False,missing_image_pair
IL_2810751__sdpair_001,0.0,0.0,0.0,0.0,0.0,0.0,0.0,0.0,0.0,0.0,1.0,VASC,IL_2810751,True,0,False,False,,False,False,False,True,False,missing_image_pair
IL_2810751__sdpair_002,0.0,0.0,0.0,0.0,0.0,0.0,0.0,0.0,0.0,0.0,1.0,VASC,IL_2810751,True,0,False,False,,False,False,False,True,False,missing_image_pair
IL_2810751__sdpair_003,0.0,0.0,0.0,0.0,0.0,0.0,0.0,0.0,0.0,0.0,1.0,VASC,IL_2810751,True,0,False,False,,False,False,False,False,False,missing_image_pair
IL_2810751__sdpair_004,0.0,0.0,0.0,0.0,0.0,0.0,0.0,0.0,0.0,0.0,1.0,VASC,IL_2810751,True,0,False,False,,False,False,False,False,False,missing_image_pair
IL_2810751__sdpair_005,0.0,0.0,0.0,0.0,0.0,0.0,0.0,0.0,0.0,0.0,1.0,VASC,IL_2810751,True,0,False,False,,False,False,False,False,False,missing_image_pair
IL_2895594__sdpair_000,0.0,0.0,0.0,0.0,0.0,0.0,0.0,0.0,0.0,0.0,1.0,VASC,IL_2895594,True,0,False,False,,False,False,False,True,False,missing_image_pair
IL_2895594__sdpair_001,0.0,0.0,0.0,0.0,0.0,0.0,0.0,0.0,0.0,0.0,1.0,VASC,IL_2895594,True,0,False,False,,False,False,False,True,False,missing_image_pair
IL_2895594__sdpair_002,0.0,0.0,0.0,0.0,0.0,0.0,0.0,0.0,0.0,0.0,1.0,VASC,IL_2895594,True,0,False,False,,False,False,False,True,False,missing_image_pair
IL_2895594__sdpair_003,0.0,0.0,0.0,0.0,0.0,0.0,0.0,0.0,0.0,0.0,1.0,VASC,IL_2895594,True,0,False,False,,False,False,False,False,False,missing_image_pair
IL_2895594__sdpair_004,0.0,0.0,0.0,0.0,0.0,0.0,0.0,0.0,0.0,0.0,1.0,VASC,IL_2895594,True,0,False,False,,False,False,False,False,False,missing_image_pair
IL_2895594__sdpair_005,0.0,0.0,0.0,0.0,0.0,0.0,0.0,0.0,0.0,0.0,1.0,VASC,IL_2895594,True,0,False,False,,False,False,False,False,False,missing_image_pair
IL_2962175__sdpair_000,0.0,0.0,0.0,0.0,0.0,0.0,0.0,0.0,0.0,0.0,1.0,VASC,IL_2962175,True,0,False,False,,False,False,False,True,False,missing_image_pair
IL_2962175__sdpair_001,0.0,0.0,0.0,0.0,0.0,0.0,0.0,0.0,0.0,0.0,1.0,VASC,IL_2962175,True,0,False,False,,False,False,False,True,False,missing_image_pair
IL_2962175__sdpair_002,0.0,0.0,0.0,0.0,0.0,0.0,0.0,0.0,0.0,0.0,1.0,VASC,IL_2962175,True,0,False,False,,False,False,False,True,False,missing_image_pair
IL_2962175__sdpair_004,0.0,0.0,0.0,0.0,0.0,0.0,0.0,0.0,0.0,0.0,1.0,VASC,IL_2962175,True,0,False,False,,False,False,False,False,False,missing_image_pair
IL_2962175__sdpair_005,0.0,0.0,0.0,0.0,0.0,0.0,0.0,0.0,0.0,0.0,1.0,VASC,IL_2962175,True,0,False,False,,False,False,False,False,False,missing_image_pair
IL_3067885__sdpair_003,0.0,0.0,0.0,0.0,0.0,0.0,0.0,0.0,0.0,0.0,1.0,VASC,IL_3067885,True,0,False,False,,False,False,False,True,False,missing_image_pair
IL_3067885__sdpair_004,0.0,0.0,0.0,0.0,0.0,0.0,0.0,0.0,0.0,0.0,1.0,VASC,IL_3067885,True,0,False,False,,False,False,False,True,False,missing_image_pair
IL_3124756__sdpair_000,0.0,0.0,0.0,0.0,0.0,0.0,0.0,0.0,0.0,0.0,1.0,VASC,IL_3124756,True,0,False,False,,False,False,False,True,False,missing_image_pair
IL_3124756__sdpair_001,0.0,0.0,0.0,0.0,0.0,0.0,0.0,0.0,0.0,0.0,1.0,VASC,IL_3124756,True,0,False,False,,False,False,False,True,False,missing_image_pair
IL_3124756__sdpair_002,0.0,0.0,0.0,0.0,0.0,0.0,0.0,0.0,0.0,0.0,1.0,VASC,IL_3124756,True,0,False,False,,False,False,False,True,False,missing_image_pair
IL_3124756__sdpair_003,0.0,0.0,0.0,0.0,0.0,0.0,0.0,0.0,0.0,0.0,1.0,VASC,IL_3124756,True,0,False,False,,False,False,False,False,False,missing_image_pair
IL_3124756__sdpair_004,0.0,0.0,0.0,0.0,0.0,0.0,0.0,0.0,0.0,0.0,1.0,VASC,IL_3124756,True,0,False,False,,False,False,False,False,False,missing_image_pair
IL_3124756__sdpair_005,0.0,0.0,0.0,0.0,0.0,0.0,0.0,0.0,0.0,0.0,1.0,VASC,IL_3124756,True,0,False,False,,False,False,False,False,False,missing_image_pair
IL_3252153__sdpair_000,0.0,0.0,0.0,0.0,0.0,0.0,0.0,0.0,0.0,0.0,1.0,VASC,IL_3252153,True,0,False,False,,False,False,False,True,False,missing_image_pair
IL_3252153__sdpair_001,0.0,0.0,0.0,0.0,0.0,0.0,0.0,0.0,0.0,0.0,1.0,VASC,IL_3252153,True,0,False,False,,False,False,False,True,False,missing_image_pair
IL_3252153__sdpair_002,0.0,0.0,0.0,0.0,0.0,0.0,0.0,0.0,0.0,0.0,1.0,VASC,IL_3252153,True,0,False,False,,False,False,False,True,False,missing_image_pair
IL_3252153__sdpair_003,0.0,0.0,0.0,0.0,0.0,0.0,0.0,0.0,0.0,0.0,1.0,VASC,IL_3252153,True,0,False,False,,False,False,False,False,False,missing_image_pair
IL_3252153__sdpair_004,0.0,0.0,0.0,0.0,0.0,0.0,0.0,0.0,0.0,0.0,1.0,VASC,IL_3252153,True,0,False,False,,False,False,False,False,False,missing_image_pair
IL_3252153__sdpair_005,0.0,0.0,0.0,0.0,0.0,0.0,0.0,0.0,0.0,0.0,1.0,VASC,IL_3252153,True,0,False,False,,False,False,False,False,False,missing_image_pair
IL_3721335__sdpair_000,0.0,0.0,0.0,0.0,0.0,0.0,0.0,0.0,0.0,0.0,1.0,VASC,IL_3721335,True,0,False,False,,False,False,False,True,False,missing_image_pair
IL_3721335__sdpair_002,0.0,0.0,0.0,0.0,0.0,0.0,0.0,0.0,0.0,0.0,1.0,VASC,IL_3721335,True,0,False,False,,False,False,False,True,False,missing_image_pair
IL_3721335__sdpair_003,0.0,0.0,0.0,0.0,0.0,0.0,0.0,0.0,0.0,0.0,1.0,VASC,IL_3721335,True,0,False,False,,False,False,False,True,False,missing_image_pair
IL_3721335__sdpair_004,0.0,0.0,0.0,0.0,0.0,0.0,0.0,0.0,0.0,0.0,1.0,VASC,IL_3721335,True,0,False,False,,False,False,False,False,False,missing_image_pair
IL_3721335__sdpair_005,0.0,0.0,0.0,0.0,0.0,0.0,0.0,0.0,0.0,0.0,1.0,VASC,IL_3721335,True,0,False,False,,False,False,False,False,False,missing_image_pair
IL_3744094__sdpair_000,0.0,0.0,0.0,0.0,0.0,0.0,0.0,0.0,0.0,0.0,1.0,VASC,IL_3744094,True,0,False,False,,False,False,False,True,False,missing_image_pair
IL_3744094__sdpair_002,0.0,0.0,0.0,0.0,0.0,0.0,0.0,0.0,0.0,0.0,1.0,VASC,IL_3744094,True,0,False,False,,False,False,False,True,False,missing_image_pair
IL_3744094__sdpair_004,0.0,0.0,0.0,0.0,0.0,0.0,0.0,0.0,0.0,0.0,1.0,VASC,IL_3744094,True,0,False,False,,False,False,False,True,False,missing_image_pair
IL_3744094__sdpair_005,0.0,0.0,0.0,0.0,0.0,0.0,0.0,0.0,0.0,0.0,1.0,VASC,IL_3744094,True,0,False,False,,False,False,False,False,False,missing_image_pair
IL_4375831__sdpair_001,0.0,0.0,0.0,0.0,0.0,0.0,0.0,0.0,0.0,0.0,1.0,VASC,IL_4375831,True,0,False,False,,False,False,False,True,False,missing_image_pair
IL_4375831__sdpair_002,0.0,0.0,0.0,0.0,0.0,0.0,0.0,0.0,0.0,0.0,1.0,VASC,IL_4375831,True,0,False,False,,False,False,False,True,False,missing_image_pair
IL_4375831__sdpair_003,0.0,0.0,0.0,0.0,0.0,0.0,0.0,0.0,0.0,0.0,1.0,VASC,IL_4375831,True,0,False,False,,False,False,False,True,False,missing_image_pair
IL_4375831__sdpair_004,0.0,0.0,0.0,0.0,0.0,0.0,0.0,0.0,0.0,0.0,1.0,VASC,IL_4375831,True,0,False,False,,False,False,False,False,False,missing_image_pair
IL_4375831__sdpair_005,0.0,0.0,0.0,0.0,0.0,0.0,0.0,0.0,0.0,0.0,1.0,VASC,IL_4375831,True,0,False,False,,False,False,False,False,False,missing_image_pair
IL_4686156__sdpair_000,0.0,0.0,0.0,0.0,0.0,0.0,0.0,0.0,0.0,0.0,1.0,VASC,IL_4686156,True,0,False,False,,False,False,False,True,False,missing_image_pair
IL_4686156__sdpair_001,0.0,0.0,0.0,0.0,0.0,0.0,0.0,0.0,0.0,0.0,1.0,VASC,IL_4686156,True,0,False,False,,False,False,False,True,False,missing_image_pair
IL_4686156__sdpair_002,0.0,0.0,0.0,0.0,0.0,0.0,0.0,0.0,0.0,0.0,1.0,VASC,IL_4686156,True,0,False,False,,False,False,False,True,False,missing_image_pair
IL_4686156__sdpair_003,0.0,0.0,0.0,0.0,0.0,0.0,0.0,0.0,0.0,0.0,1.0,VASC,IL_4686156,True,0,False,False,,False,False,False,False,False,missing_image_pair
IL_4686156__sdpair_004,0.0,0.0,0.0,0.0,0.0,0.0,0.0,0.0,0.0,0.0,1.0,VASC,IL_4686156,True,0,False,False,,False,False,False,False,False,missing_image_pair
IL_4686156__sdpair_005,0.0,0.0,0.0,0.0,0.0,0.0,0.0,0.0,0.0,0.0,1.0,VASC,IL_4686156,True,0,False,False,,False,False,False,False,False,missing_image_pair
IL_4794810__sdpair_000,0.0,0.0,0.0,0.0,0.0,0.0,0.0,0.0,0.0,0.0,1.0,VASC,IL_4794810,True,0,False,False,,False,False,False,True,False,missing_image_pair
IL_4794810__sdpair_001,0.0,0.0,0.0,0.0,0.0,0.0,0.0,0.0,0.0,0.0,1.0,VASC,IL_4794810,True,0,False,False,,False,False,False,True,False,missing_image_pair
IL_4794810__sdpair_002,0.0,0.0,0.0,0.0,0.0,0.0,0.0,0.0,0.0,0.0,1.0,VASC,IL_4794810,True,0,False,False,,False,False,False,True,False,missing_image_pair
IL_4794810__sdpair_004,0.0,0.0,0.0,0.0,0.0,0.0,0.0,0.0,0.0,0.0,1.0,VASC,IL_4794810,True,0,False,False,,False,False,False,False,False,missing_image_pair
IL_4794810__sdpair_005,0.0,0.0,0.0,0.0,0.0,0.0,0.0,0.0,0.0,0.0,1.0,VASC,IL_4794810,True,0,False,False,,False,False,False,False,False,missing_image_pair
IL_5044233__sdpair_000,0.0,0.0,0.0,0.0,0.0,0.0,0.0,0.0,0.0,0.0,1.0,VASC,IL_5044233,True,0,False,False,,False,False,False,True,False,missing_image_pair
IL_5044233__sdpair_001,0.0,0.0,0.0,0.0,0.0,0.0,0.0,0.0,0.0,0.0,1.0,VASC,IL_5044233,True,0,False,False,,False,False,False,True,False,missing_image_pair
IL_5044233__sdpair_002,0.0,0.0,0.0,0.0,0.0,0.0,0.0,0.0,0.0,0.0,1.0,VASC,IL_5044233,True,0,False,False,,False,False,False,True,False,missing_image_pair
IL_5044233__sdpair_003,0.0,0.0,0.0,0.0,0.0,0.0,0.0,0.0,0.0,0.0,1.0,VASC,IL_5044233,True,0,False,False,,False,False,False,False,False,missing_image_pair
IL_5044233__sdpair_004,0.0,0.0,0.0,0.0,0.0,0.0,0.0,0.0,0.0,0.0,1.0,VASC,IL_5044233,True,0,False,False,,False,False,False,False,False,missing_image_pair
IL_5044233__sdpair_005,0.0,0.0,0.0,0.0,0.0,0.0,0.0,0.0,0.0,0.0,1.0,VASC,IL_5044233,True,0,False,False,,False,False,False,False,False,missing_image_pair
IL_5045775__sdpair_000,0.0,0.0,0.0,0.0,0.0,0.0,0.0,0.0,0.0,0.0,1.0,VASC,IL_5045775,True,0,False,False,,False,False,False,True,False,missing_image_pair
IL_5045775__sdpair_001,0.0,0.0,0.0,0.0,0.0,0.0,0.0,0.0,0.0,0.0,1.0,VASC,IL_5045775,True,0,False,False,,False,False,False,True,False,missing_image_pair
IL_5045775__sdpair_002,0.0,0.0,0.0,0.0,0.0,0.0,0.0,0.0,0.0,0.0,1.0,VASC,IL_5045775,True,0,False,False,,False,False,False,True,False,missing_image_pair
IL_5045775__sdpair_003,0.0,0.0,0.0,0.0,0.0,0.0,0.0,0.0,0.0,0.0,1.0,VASC,IL_5045775,True,0,False,False,,False,False,False,False,False,missing_image_pair
IL_5045775__sdpair_004,0.0,0.0,0.0,0.0,0.0,0.0,0.0,0.0,0.0,0.0,1.0,VASC,IL_5045775,True,0,False,False,,False,False,False,False,False,missing_image_pair
IL_5045775__sdpair_005,0.0,0.0,0.0,0.0,0.0,0.0,0.0,0.0,0.0,0.0,1.0,VASC,IL_5045775,True,0,False,False,,False,False,False,False,False,missing_image_pair
IL_5285603__sdpair_000,0.0,0.0,0.0,0.0,0.0,0.0,0.0,0.0,0.0,0.0,1.0,VASC,IL_5285603,True,0,False,False,,False,False,False,True,False,missing_image_pair
IL_5285603__sdpair_001,0.0,0.0,0.0,0.0,0.0,0.0,0.0,0.0,0.0,0.0,1.0,VASC,IL_5285603,True,0,False,False,,False,False,False,True,False,missing_image_pair
IL_5285603__sdpair_002,0.0,0.0,0.0,0.0,0.0,0.0,0.0,0.0,0.0,0.0,1.0,VASC,IL_5285603,True,0,False,False,,False,False,False,True,False,missing_image_pair
IL_5285603__sdpair_003,0.0,0.0,0.0,0.0,0.0,0.0,0.0,0.0,0.0,0.0,1.0,VASC,IL_5285603,True,0,False,False,,False,False,False,False,False,missing_image_pair
IL_5285603__sdpair_004,0.0,0.0,0.0,0.0,0.0,0.0,0.0,0.0,0.0,0.0,1.0,VASC,IL_5285603,True,0,False,False,,False,False,False,False,False,missing_image_pair
IL_5285603__sdpair_005,0.0,0.0,0.0,0.0,0.0,0.0,0.0,0.0,0.0,0.0,1.0,VASC,IL_5285603,True,0,False,False,,False,False,False,False,False,missing_image_pair
IL_5363044__sdpair_000,0.0,0.0,0.0,0.0,0.0,0.0,0.0,0.0,0.0,0.0,1.0,VASC,IL_5363044,True,0,False,False,,False,False,False,True,False,missing_image_pair
IL_5363044__sdpair_001,0.0,0.0,0.0,0.0,0.0,0.0,0.0,0.0,0.0,0.0,1.0,VASC,IL_5363044,True,0,False,False,,False,False,False,True,False,missing_image_pair
IL_5363044__sdpair_002,0.0,0.0,0.0,0.0,0.0,0.0,0.0,0.0,0.0,0.0,1.0,VASC,IL_5363044,True,0,False,False,,False,False,False,True,False,missing_image_pair
IL_5363044__sdpair_003,0.0,0.0,0.0,0.0,0.0,0.0,0.0,0.0,0.0,0.0,1.0,VASC,IL_5363044,True,0,False,False,,False,False,False,False,False,missing_image_pair
IL_5363044__sdpair_004,0.0,0.0,0.0,0.0,0.0,0.0,0.0,0.0,0.0,0.0,1.0,VASC,IL_5363044,True,0,False,False,,False,False,False,False,False,missing_image_pair
IL_5363044__sdpair_005,0.0,0.0,0.0,0.0,0.0,0.0,0.0,0.0,0.0,0.0,1.0,VASC,IL_5363044,True,0,False,False,,False,False,False,False,False,missing_image_pair
IL_5437959__sdpair_002,0.0,0.0,0.0,0.0,0.0,0.0,0.0,0.0,0.0,0.0,1.0,VASC,IL_5437959,True,0,False,False,,False,False,False,True,False,missing_image_pair
IL_5437959__sdpair_003,0.0,0.0,0.0,0.0,0.0,0.0,0.0,0.0,0.0,0.0,1.0,VASC,IL_5437959,True,0,False,False,,False,False,False,True,False,missing_image_pair
IL_5437959__sdpair_005,0.0,0.0,0.0,0.0,0.0,0.0,0.0,0.0,0.0,0.0,1.0,VASC,IL_5437959,True,0,False,False,,False,False,False,True,False,missing_image_pair
IL_5458528__sdpair_000,0.0,0.0,0.0,0.0,0.0,0.0,0.0,0.0,0.0,0.0,1.0,VASC,IL_5458528,True,0,False,False,,False,False,False,True,False,missing_image_pair
IL_5458528__sdpair_001,0.0,0.0,0.0,0.0,0.0,0.0,0.0,0.0,0.0,0.0,1.0,VASC,IL_5458528,True,0,False,False,,False,False,False,True,False,missing_image_pair
IL_5458528__sdpair_002,0.0,0.0,0.0,0.0,0.0,0.0,0.0,0.0,0.0,0.0,1.0,VASC,IL_5458528,True,0,False,False,,False,False,False,True,False,missing_image_pair
IL_5458528__sdpair_003,0.0,0.0,0.0,0.0,0.0,0.0,0.0,0.0,0.0,0.0,1.0,VASC,IL_5458528,True,0,False,False,,False,False,False,False,False,missing_image_pair
IL_5458528__sdpair_004,0.0,0.0,0.0,0.0,0.0,0.0,0.0,0.0,0.0,0.0,1.0,VASC,IL_5458528,True,0,False,False,,False,False,False,False,False,missing_image_pair
IL_5458528__sdpair_005,0.0,0.0,0.0,0.0,0.0,0.0,0.0,0.0,0.0,0.0,1.0,VASC,IL_5458528,True,0,False,False,,False,False,False,False,False,missing_image_pair
IL_5909950__sdpair_000,0.0,0.0,0.0,0.0,0.0,0.0,0.0,0.0,0.0,0.0,1.0,VASC,IL_5909950,True,0,False,False,,False,False,False,True,False,missing_image_pair
IL_5909950__sdpair_001,0.0,0.0,0.0,0.0,0.0,0.0,0.0,0.0,0.0,0.0,1.0,VASC,IL_5909950,True,0,False,False,,False,False,False,True,False,missing_image_pair
IL_5909950__sdpair_002,0.0,0.0,0.0,0.0,0.0,0.0,0.0,0.0,0.0,0.0,1.0,VASC,IL_5909950,True,0,False,False,,False,False,False,False,False,missing_image_pair
IL_5909950__sdpair_003,0.0,0.0,0.0,0.0,0.0,0.0,0.0,0.0,0.0,0.0,1.0,VASC,IL_5909950,True,0,False,False,,False,False,False,False,False,missing_image_pair
IL_5909950__sdpair_004,0.0,0.0,0.0,0.0,0.0,0.0,0.0,0.0,0.0,0.0,1.0,VASC,IL_5909950,True,0,False,False,,False,False,False,False,False,missing_image_pair
IL_5909950__sdpair_005,0.0,0.0,0.0,0.0,0.0,0.0,0.0,0.0,0.0,0.0,1.0,VASC,IL_5909950,True,0,False,False,,False,False,False,False,False,missing_image_pair
IL_6019983__sdpair_000,0.0,0.0,0.0,0.0,0.0,0.0,0.0,0.0,0.0,0.0,1.0,VASC,IL_6019983,True,0,False,False,,False,False,False,False,False,missing_image_pair
IL_6019983__sdpair_002,0.0,0.0,0.0,0.0,0.0,0.0,0.0,0.0,0.0,0.0,1.0,VASC,IL_6019983,True,0,False,False,,False,False,False,False,False,missing_image_pair
IL_6019983__sdpair_003,0.0,0.0,0.0,0.0,0.0,0.0,0.0,0.0,0.0,0.0,1.0,VASC,IL_6019983,True,0,False,False,,False,False,False,False,False,missing_image_pair
IL_6019983__sdpair_004,0.0,0.0,0.0,0.0,0.0,0.0,0.0,0.0,0.0,0.0,1.0,VASC,IL_6019983,True,0,False,False,,False,False,False,False,False,missing_image_pair
IL_6019983__sdpair_005,0.0,0.0,0.0,0.0,0.0,0.0,0.0,0.0,0.0,0.0,1.0,VASC,IL_6019983,True,0,False,False,,False,False,False,False,False,missing_image_pair
IL_6230080__sdpair_000,0.0,0.0,0.0,0.0,0.0,0.0,0.0,0.0,0.0,0.0,1.0,VASC,IL_6230080,True,0,False,False,,False,False,False,False,False,missing_image_pair
IL_6230080__sdpair_001,0.0,0.0,0.0,0.0,0.0,0.0,0.0,0.0,0.0,0.0,1.0,VASC,IL_6230080,True,0,False,False,,False,False,False,False,False,missing_image_pair
IL_6230080__sdpair_002,0.0,0.0,0.0,0.0,0.0,0.0,0.0,0.0,0.0,0.0,1.0,VASC,IL_6230080,True,0,False,False,,False,False,False,False,False,missing_image_pair
IL_6230080__sdpair_003,0.0,0.0,0.0,0.0,0.0,0.0,0.0,0.0,0.0,0.0,1.0,VASC,IL_6230080,True,0,False,False,,False,False,False,False,False,missing_image_pair
IL_6230080__sdpair_004,0.0,0.0,0.0,0.0,0.0,0.0,0.0,0.0,0.0,0.0,1.0,VASC,IL_6230080,True,0,False,False,,False,False,False,False,False,missing_image_pair
IL_6230080__sdpair_005,0.0,0.0,0.0,0.0,0.0,0.0,0.0,0.0,0.0,0.0,1.0,VASC,IL_6230080,True,0,False,False,,False,False,False,False,False,missing_image_pair
IL_6393566__sdpair_000,0.0,0.0,0.0,0.0,0.0,0.0,0.0,0.0,0.0,0.0,1.0,VASC,IL_6393566,True,0,False,False,,False,False,False,False,False,missing_image_pair
IL_6393566__sdpair_001,0.0,0.0,0.0,0.0,0.0,0.0,0.0,0.0,0.0,0.0,1.0,VASC,IL_6393566,True,0,False,False,,False,False,False,False,False,missing_image_pair
IL_6393566__sdpair_002,0.0,0.0,0.0,0.0,0.0,0.0,0.0,0.0,0.0,0.0,1.0,VASC,IL_6393566,True,0,False,False,,False,False,False,False,False,missing_image_pair
IL_6393566__sdpair_003,0.0,0.0,0.0,0.0,0.0,0.0,0.0,0.0,0.0,0.0,1.0,VASC,IL_6393566,True,0,False,False,,False,False,False,False,False,missing_image_pair
IL_6393566__sdpair_004,0.0,0.0,0.0,0.0,0.0,0.0,0.0,0.0,0.0,0.0,1.0,VASC,IL_6393566,True,0,False,False,,False,False,False,False,False,missing_image_pair
IL_6393566__sdpair_005,0.0,0.0,0.0,0.0,0.0,0.0,0.0,0.0,0.0,0.0,1.0,VASC,IL_6393566,True,0,False,False,,False,False,False,False,False,missing_image_pair
IL_6829628__sdpair_003,0.0,0.0,0.0,0.0,0.0,0.0,0.0,0.0,0.0,0.0,1.0,VASC,IL_6829628,True,0,False,False,,False,False,False,False,False,missing_image_pair
IL_6829628__sdpair_004,0.0,0.0,0.0,0.0,0.0,0.0,0.0,0.0,0.0,0.0,1.0,VASC,IL_6829628,True,0,False,False,,False,False,False,False,False,missing_image_pair
IL_7642375__sdpair_000,0.0,0.0,0.0,0.0,0.0,0.0,0.0,0.0,0.0,0.0,1.0,VASC,IL_7642375,True,0,False,False,,False,False,False,False,False,missing_image_pair
IL_7642375__sdpair_001,0.0,0.0,0.0,0.0,0.0,0.0,0.0,0.0,0.0,0.0,1.0,VASC,IL_7642375,True,0,False,False,,False,False,False,False,False,missing_image_pair
IL_7642375__sdpair_002,0.0,0.0,0.0,0.0,0.0,0.0,0.0,0.0,0.0,0.0,1.0,VASC,IL_7642375,True,0,False,False,,False,False,False,False,False,missing_image_pair
IL_7642375__sdpair_003,0.0,0.0,0.0,0.0,0.0,0.0,0.0,0.0,0.0,0.0,1.0,VASC,IL_7642375,True,0,False,False,,False,False,False,False,False,missing_image_pair
IL_7642375__sdpair_004,0.0,0.0,0.0,0.0,0.0,0.0,0.0,0.0,0.0,0.0,1.0,VASC,IL_7642375,True,0,False,False,,False,False,False,False,False,missing_image_pair
IL_7642375__sdpair_005,0.0,0.0,0.0,0.0,0.0,0.0,0.0,0.0,0.0,0.0,1.0,VASC,IL_7642375,True,0,False,False,,False,False,False,False,False,missing_image_pair
IL_7687935__sdpair_000,0.0,0.0,0.0,0.0,0.0,0.0,0.0,0.0,0.0,0.0,1.0,VASC,IL_7687935,True,0,False,False,,False,False,False,False,False,missing_image_pair
IL_7687935__sdpair_001,0.0,0.0,0.0,0.0,0.0,0.0,0.0,0.0,0.0,0.0,1.0,VASC,IL_7687935,True,0,False,False,,False,False,False,False,False,missing_image_pair
IL_7687935__sdpair_002,0.0,0.0,0.0,0.0,0.0,0.0,0.0,0.0,0.0,0.0,1.0,VASC,IL_7687935,True,0,False,False,,False,False,False,False,False,missing_image_pair
IL_7687935__sdpair_003,0.0,0.0,0.0,0.0,0.0,0.0,0.0,0.0,0.0,0.0,1.0,VASC,IL_7687935,True,0,False,False,,False,False,False,False,False,missing_image_pair
IL_7687935__sdpair_004,0.0,0.0,0.0,0.0,0.0,0.0,0.0,0.0,0.0,0.0,1.0,VASC,IL_7687935,True,0,False,False,,False,False,False,False,False,missing_image_pair
IL_7687935__sdpair_005,0.0,0.0,0.0,0.0,0.0,0.0,0.0,0.0,0.0,0.0,1.0,VASC,IL_7687935,True,0,False,False,,False,False,False,False,False,missing_image_pair
IL_8200270__sdpair_000,0.0,0.0,0.0,0.0,0.0,0.0,0.0,0.0,0.0,0.0,1.0,VASC,IL_8200270,True,0,False,False,,False,False,False,False,False,missing_image_pair
IL_8200270__sdpair_001,0.0,0.0,0.0,0.0,0.0,0.0,0.0,0.0,0.0,0.0,1.0,VASC,IL_8200270,True,0,False,False,,False,False,False,False,False,missing_image_pair
IL_8200270__sdpair_002,0.0,0.0,0.0,0.0,0.0,0.0,0.0,0.0,0.0,0.0,1.0,VASC,IL_8200270,True,0,False,False,,False,False,False,False,False,missing_image_pair
IL_8200270__sdpair_003,0.0,0.0,0.0,0.0,0.0,0.0,0.0,0.0,0.0,0.0,1.0,VASC,IL_8200270,True,0,False,False,,False,False,False,False,False,missing_image_pair
IL_8200270__sdpair_004,0.0,0.0,0.0,0.0,0.0,0.0,0.0,0.0,0.0,0.0,1.0,VASC,IL_8200270,True,0,False,False,,False,False,False,False,False,missing_image_pair
IL_8200270__sdpair_005,0.0,0.0,0.0,0.0,0.0,0.0,0.0,0.0,0.0,0.0,1.0,VASC,IL_8200270,True,0,False,False,,False,False,False,False,False,missing_image_pair
IL_8364095__sdpair_000,0.0,0.0,0.0,0.0,0.0,0.0,0.0,0.0,0.0,0.0,1.0,VASC,IL_8364095,True,0,False,False,,False,False,False,False,False,missing_image_pair
IL_8364095__sdpair_001,0.0,0.0,0.0,0.0,0.0,0.0,0.0,0.0,0.0,0.0,1.0,VASC,IL_8364095,True,0,False,False,,False,False,False,False,False,missing_image_pair
IL_8364095__sdpair_002,0.0,0.0,0.0,0.0,0.0,0.0,0.0,0.0,0.0,0.0,1.0,VASC,IL_8364095,True,0,False,False,,False,False,False,False,False,missing_image_pair
IL_8364095__sdpair_003,0.0,0.0,0.0,0.0,0.0,0.0,0.0,0.0,0.0,0.0,1.0,VASC,IL_8364095,True,0,False,False,,False,False,False,False,False,missing_image_pair
IL_8364095__sdpair_004,0.0,0.0,0.0,0.0,0.0,0.0,0.0,0.0,0.0,0.0,1.0,VASC,IL_8364095,True,0,False,False,,False,False,False,False,False,missing_image_pair
IL_8364095__sdpair_005,0.0,0.0,0.0,0.0,0.0,0.0,0.0,0.0,0.0,0.0,1.0,VASC,IL_8364095,True,0,False,False,,False,False,False,False,False,missing_image_pair
IL_9150280__sdpair_002,0.0,0.0,0.0,0.0,0.0,0.0,0.0,0.0,0.0,0.0,1.0,VASC,IL_9150280,True,0,False,False,,False,False,False,False,False,missing_image_pair
IL_9150280__sdpair_003,0.0,0.0,0.0,0.0,0.0,0.0,0.0,0.0,0.0,0.0,1.0,VASC,IL_9150280,True,0,False,False,,False,False,False,False,False,missing_image_pair
IL_9150280__sdpair_004,0.0,0.0,0.0,0.0,0.0,0.0,0.0,0.0,0.0,0.0,1.0,VASC,IL_9150280,True,0,False,False,,False,False,False,False,False,missing_image_pair
IL_9205436__sdpair_005,0.0,0.0,0.0,0.0,0.0,0.0,0.0,0.0,0.0,0.0,1.0,VASC,IL_9205436,True,0,False,False,,False,False,False,False,False,missing_image_pair
IL_9783995__sdpair_000,0.0,0.0,0.0,0.0,0.0,0.0,0.0,0.0,0.0,0.0,1.0,VASC,IL_9783995,True,0,False,False,,False,False,False,False,False,missing_image_pair
IL_9783995__sdpair_001,0.0,0.0,0.0,0.0,0.0,0.0,0.0,0.0,0.0,0.0,1.0,VASC,IL_9783995,True,0,False,False,,False,False,False,False,False,missing_image_pair
IL_9783995__sdpair_002,0.0,0.0,0.0,0.0,0.0,0.0,0.0,0.0,0.0,0.0,1.0,VASC,IL_9783995,True,0,False,False,,False,False,False,False,False,missing_image_pair
IL_9783995__sdpair_003,0.0,0.0,0.0,0.0,0.0,0.0,0.0,0.0,0.0,0.0,1.0,VASC,IL_9783995,True,0,False,False,,False,False,False,False,False,missing_image_pair
IL_9783995__sdpair_005,0.0,0.0,0.0,0.0,0.0,0.0,0.0,0.0,0.0,0.0,1.0,VASC,IL_9783995,True,0,False,False,,False,False,False,False,False,missing_image_pair
IL_9900993__sdpair_000,0.0,0.0,0.0,0.0,0.0,0.0,0.0,0.0,0.0,0.0,1.0,VASC,IL_9900993,True,0,False,False,,False,False,False,False,False,missing_image_pair
IL_9900993__sdpair_001,0.0,0.0,0.0,0.0,0.0,0.0,0.0,0.0,0.0,0.0,1.0,VASC,IL_9900993,True,0,False,False,,False,False,False,False,False,missing_image_pair
IL_9900993__sdpair_003,0.0,0.0,0.0,0.0,0.0,0.0,0.0,0.0,0.0,0.0,1.0,VASC,IL_9900993,True,0,False,False,,False,False,False,False,False,missing_image_pair
IL_9900993__sdpair_004,0.0,0.0,0.0,0.0,0.0,0.0,0.0,0.0,0.0,0.0,1.0,VASC,IL_9900993,True,0,False,False,,False,False,False,False,False,missing_image_pair
IL_9900993__sdpair_005,0.0,0.0,0.0,0.0,0.0,0.0,0.0,0.0,0.0,0.0,1.0,VASC,IL_9900993,True,0,False,False,,False,False,False,False,False,missing_image_pair
IL_0402480__sdpair_002,0.0,0.0,0.0,0.0,0.0,1.0,0.0,0.0,0.0,0.0,0.0,INF,IL_0402480,True,0,False,False,,False,False,False,True,False,missing_image_pair
IL_0402480__sdpair_003,0.0,0.0,0.0,0.0,0.0,1.0,0.0,0.0,0.0,0.0,0.0,INF,IL_0402480,True,0,False,False,,False,False,False,True,False,missing_image_pair
IL_0485034__sdpair_000,0.0,0.0,0.0,0.0,0.0,1.0,0.0,0.0,0.0,0.0,0.0,INF,IL_0485034,True,0,False,False,,False,False,False,True,False,missing_image_pair
IL_0485034__sdpair_001,0.0,0.0,0.0,0.0,0.0,1.0,0.0,0.0,0.0,0.0,0.0,INF,IL_0485034,True,0,False,False,,False,False,False,True,False,missing_image_pair
IL_0485034__sdpair_002,0.0,0.0,0.0,0.0,0.0,1.0,0.0,0.0,0.0,0.0,0.0,INF,IL_0485034,True,0,False,False,,False,False,False,True,False,missing_image_pair
IL_0485034__sdpair_003,0.0,0.0,0.0,0.0,0.0,1.0,0.0,0.0,0.0,0.0,0.0,INF,IL_0485034,True,0,False,False,,False,False,False,False,False,missing_image_pair
IL_0485034__sdpair_004,0.0,0.0,0.0,0.0,0.0,1.0,0.0,0.0,0.0,0.0,0.0,INF,IL_0485034,True,0,False,False,,False,False,False,False,False,missing_image_pair
IL_0485034__sdpair_005,0.0,0.0,0.0,0.0,0.0,1.0,0.0,0.0,0.0,0.0,0.0,INF,IL_0485034,True,0,False,False,,False,False,False,False,False,missing_image_pair
IL_0972770__sdpair_001,0.0,0.0,0.0,0.0,0.0,1.0,0.0,0.0,0.0,0.0,0.0,INF,IL_0972770,True,0,False,False,,False,False,False,True,False,missing_image_pair
IL_0972770__sdpair_002,0.0,0.0,0.0,0.0,0.0,1.0,0.0,0.0,0.0,0.0,0.0,INF,IL_0972770,True,0,False,False,,False,False,False,True,False,missing_image_pair
IL_0972770__sdpair_005,0.0,0.0,0.0,0.0,0.0,1.0,0.0,0.0,0.0,0.0,0.0,INF,IL_0972770,True,0,False,False,,False,False,False,True,False,missing_image_pair
IL_1037405__sdpair_000,0.0,0.0,0.0,0.0,0.0,1.0,0.0,0.0,0.0,0.0,0.0,INF,IL_1037405,True,0,False,False,,False,False,False,True,False,missing_image_pair
IL_1559121__sdpair_000,0.0,0.0,0.0,0.0,0.0,1.0,0.0,0.0,0.0,0.0,0.0,INF,IL_1559121,True,0,False,False,,False,False,False,True,False,missing_image_pair
IL_1559121__sdpair_004,0.0,0.0,0.0,0.0,0.0,1.0,0.0,0.0,0.0,0.0,0.0,INF,IL_1559121,True,0,False,False,,False,False,False,True,False,missing_image_pair
IL_1641261__sdpair_001,0.0,0.0,0.0,0.0,0.0,1.0,0.0,0.0,0.0,0.0,0.0,INF,IL_1641261,True,0,False,False,,False,False,False,True,False,missing_image_pair
IL_1641261__sdpair_005,0.0,0.0,0.0,0.0,0.0,1.0,0.0,0.0,0.0,0.0,0.0,INF,IL_1641261,True,0,False,False,,False,False,False,True,False,missing_image_pair
IL_1645941__sdpair_004,0.0,0.0,0.0,0.0,0.0,1.0,0.0,0.0,0.0,0.0,0.0,INF,IL_1645941,True,0,False,False,,False,False,False,True,False,missing_image_pair
IL_1735552__sdpair_001,0.0,0.0,0.0,0.0,0.0,1.0,0.0,0.0,0.0,0.0,0.0,INF,IL_1735552,True,0,False,False,,False,False,False,True,False,missing_image_pair
IL_1735552__sdpair_002,0.0,0.0,0.0,0.0,0.0,1.0,0.0,0.0,0.0,0.0,0.0,INF,IL_1735552,True,0,False,False,,False,False,False,True,False,missing_image_pair
IL_2493463__sdpair_000,0.0,0.0,0.0,0.0,0.0,1.0,0.0,0.0,0.0,0.0,0.0,INF,IL_2493463,True,0,False,False,,False,False,False,True,False,missing_image_pair
IL_2493463__sdpair_002,0.0,0.0,0.0,0.0,0.0,1.0,0.0,0.0,0.0,0.0,0.0,INF,IL_2493463,True,0,False,False,,False,False,False,True,False,missing_image_pair
IL_3528206__sdpair_001,0.0,0.0,0.0,0.0,0.0,1.0,0.0,0.0,0.0,0.0,0.0,INF,IL_3528206,True,0,False,False,,False,False,False,True,False,missing_image_pair
IL_3528206__sdpair_005,0.0,0.0,0.0,0.0,0.0,1.0,0.0,0.0,0.0,0.0,0.0,INF,IL_3528206,True,0,False,False,,False,False,False,True,False,missing_image_pair
IL_3650065__sdpair_000,0.0,0.0,0.0,0.0,0.0,1.0,0.0,0.0,0.0,0.0,0.0,INF,IL_3650065,True,0,False,False,,False,False,False,True,False,missing_image_pair
IL_3650065__sdpair_002,0.0,0.0,0.0,0.0,0.0,1.0,0.0,0.0,0.0,0.0,0.0,INF,IL_3650065,True,0,False,False,,False,False,False,True,False,missing_image_pair
IL_3650065__sdpair_003,0.0,0.0,0.0,0.0,0.0,1.0,0.0,0.0,0.0,0.0,0.0,INF,IL_3650065,True,0,False,False,,False,False,False,True,False,missing_image_pair
IL_3650065__sdpair_004,0.0,0.0,0.0,0.0,0.0,1.0,0.0,0.0,0.0,0.0,0.0,INF,IL_3650065,True,0,False,False,,False,False,False,False,False,missing_image_pair
IL_3954142__sdpair_000,0.0,0.0,0.0,0.0,0.0,1.0,0.0,0.0,0.0,0.0,0.0,INF,IL_3954142,True,0,False,False,,False,False,False,True,False,missing_image_pair
IL_3954142__sdpair_001,0.0,0.0,0.0,0.0,0.0,1.0,0.0,0.0,0.0,0.0,0.0,INF,IL_3954142,True,0,False,False,,False,False,False,True,False,missing_image_pair
IL_3954142__sdpair_002,0.0,0.0,0.0,0.0,0.0,1.0,0.0,0.0,0.0,0.0,0.0,INF,IL_3954142,True,0,False,False,,False,False,False,True,False,missing_image_pair
IL_3954142__sdpair_003,0.0,0.0,0.0,0.0,0.0,1.0,0.0,0.0,0.0,0.0,0.0,INF,IL_3954142,True,0,False,False,,False,False,False,False,False,missing_image_pair
IL_3954142__sdpair_005,0.0,0.0,0.0,0.0,0.0,1.0,0.0,0.0,0.0,0.0,0.0,INF,IL_3954142,True,0,False,False,,False,False,False,False,False,missing_image_pair
IL_4175497__sdpair_000,0.0,0.0,0.0,0.0,0.0,1.0,0.0,0.0,0.0,0.0,0.0,INF,IL_4175497,True,0,False,False,,False,False,False,True,False,missing_image_pair
IL_4175497__sdpair_002,0.0,0.0,0.0,0.0,0.0,1.0,0.0,0.0,0.0,0.0,0.0,INF,IL_4175497,True,0,False,False,,False,False,False,True,False,missing_image_pair
IL_4175497__sdpair_004,0.0,0.0,0.0,0.0,0.0,1.0,0.0,0.0,0.0,0.0,0.0,INF,IL_4175497,True,0,False,False,,False,False,False,True,False,missing_image_pair
IL_4563820__sdpair_002,0.0,0.0,0.0,0.0,0.0,1.0,0.0,0.0,0.0,0.0,0.0,INF,IL_4563820,True,0,False,False,,False,False,False,True,False,missing_image_pair
IL_4563820__sdpair_003,0.0,0.0,0.0,0.0,0.0,1.0,0.0,0.0,0.0,0.0,0.0,INF,IL_4563820,True,0,False,False,,False,False,False,True,False,missing_image_pair
IL_4566979__sdpair_000,0.0,0.0,0.0,0.0,0.0,1.0,0.0,0.0,0.0,0.0,0.0,INF,IL_4566979,True,0,False,False,,False,False,False,True,False,missing_image_pair
IL_4566979__sdpair_002,0.0,0.0,0.0,0.0,0.0,1.0,0.0,0.0,0.0,0.0,0.0,INF,IL_4566979,True,0,False,False,,False,False,False,True,False,missing_image_pair
IL_4566979__sdpair_003,0.0,0.0,0.0,0.0,0.0,1.0,0.0,0.0,0.0,0.0,0.0,INF,IL_4566979,True,0,False,False,,False,False,False,True,False,missing_image_pair
IL_4566979__sdpair_004,0.0,0.0,0.0,0.0,0.0,1.0,0.0,0.0,0.0,0.0,0.0,INF,IL_4566979,True,0,False,False,,False,False,False,False,False,missing_image_pair
IL_4918167__sdpair_000,0.0,0.0,0.0,0.0,0.0,1.0,0.0,0.0,0.0,0.0,0.0,INF,IL_4918167,True,0,False,False,,False,False,False,True,False,missing_image_pair
IL_4918167__sdpair_001,0.0,0.0,0.0,0.0,0.0,1.0,0.0,0.0,0.0,0.0,0.0,INF,IL_4918167,True,0,False,False,,False,False,False,True,False,missing_image_pair
IL_4918167__sdpair_002,0.0,0.0,0.0,0.0,0.0,1.0,0.0,0.0,0.0,0.0,0.0,INF,IL_4918167,True,0,False,False,,False,False,False,True,False,missing_image_pair
IL_4918167__sdpair_003,0.0,0.0,0.0,0.0,0.0,1.0,0.0,0.0,0.0,0.0,0.0,INF,IL_4918167,True,0,False,False,,False,False,False,False,False,missing_image_pair
IL_4918167__sdpair_004,0.0,0.0,0.0,0.0,0.0,1.0,0.0,0.0,0.0,0.0,0.0,INF,IL_4918167,True,0,False,False,,False,False,False,False,False,missing_image_pair
IL_4918167__sdpair_005,0.0,0.0,0.0,0.0,0.0,1.0,0.0,0.0,0.0,0.0,0.0,INF,IL_4918167,True,0,False,False,,False,False,False,False,False,missing_image_pair
IL_5104216__sdpair_000,0.0,0.0,0.0,0.0,0.0,1.0,0.0,0.0,0.0,0.0,0.0,INF,IL_5104216,True,0,False,False,,False,False,False,True,False,missing_image_pair
IL_5104216__sdpair_002,0.0,0.0,0.0,0.0,0.0,1.0,0.0,0.0,0.0,0.0,0.0,INF,IL_5104216,True,0,False,False,,False,False,False,True,False,missing_image_pair
IL_5104216__sdpair_004,0.0,0.0,0.0,0.0,0.0,1.0,0.0,0.0,0.0,0.0,0.0,INF,IL_5104216,True,0,False,False,,False,False,False,True,False,missing_image_pair
IL_5136335__sdpair_000,0.0,0.0,0.0,0.0,0.0,1.0,0.0,0.0,0.0,0.0,0.0,INF,IL_5136335,True,0,False,False,,False,False,False,True,False,missing_image_pair
IL_5375420__sdpair_003,0.0,0.0,0.0,0.0,0.0,1.0,0.0,0.0,0.0,0.0,0.0,INF,IL_5375420,True,0,False,False,,False,False,False,True,False,missing_image_pair
IL_5375420__sdpair_005,0.0,0.0,0.0,0.0,0.0,1.0,0.0,0.0,0.0,0.0,0.0,INF,IL_5375420,True,0,False,False,,False,False,False,True,False,missing_image_pair
IL_5473127__sdpair_002,0.0,0.0,0.0,0.0,0.0,1.0,0.0,0.0,0.0,0.0,0.0,INF,IL_5473127,True,0,False,False,,False,False,False,True,False,missing_image_pair
IL_5473127__sdpair_003,0.0,0.0,0.0,0.0,0.0,1.0,0.0,0.0,0.0,0.0,0.0,INF,IL_5473127,True,0,False,False,,False,False,False,True,False,missing_image_pair
IL_6004998__sdpair_003,0.0,0.0,0.0,0.0,0.0,1.0,0.0,0.0,0.0,0.0,0.0,INF,IL_6004998,True,0,False,False,,False,False,False,True,False,missing_image_pair
IL_6004998__sdpair_004,0.0,0.0,0.0,0.0,0.0,1.0,0.0,0.0,0.0,0.0,0.0,INF,IL_6004998,True,0,False,False,,False,False,False,True,False,missing_image_pair
IL_6660320__sdpair_000,0.0,0.0,0.0,0.0,0.0,1.0,0.0,0.0,0.0,0.0,0.0,INF,IL_6660320,True,0,False,False,,False,False,False,True,False,missing_image_pair
IL_6660320__sdpair_002,0.0,0.0,0.0,0.0,0.0,1.0,0.0,0.0,0.0,0.0,0.0,INF,IL_6660320,True,0,False,False,,False,False,False,True,False,missing_image_pair
IL_6660320__sdpair_003,0.0,0.0,0.0,0.0,0.0,1.0,0.0,0.0,0.0,0.0,0.0,INF,IL_6660320,True,0,False,False,,False,False,False,True,False,missing_image_pair
IL_6660320__sdpair_005,0.0,0.0,0.0,0.0,0.0,1.0,0.0,0.0,0.0,0.0,0.0,INF,IL_6660320,True,0,False,False,,False,False,False,False,False,missing_image_pair
IL_6921814__sdpair_000,0.0,0.0,0.0,0.0,0.0,1.0,0.0,0.0,0.0,0.0,0.0,INF,IL_6921814,True,0,False,False,,False,False,False,True,False,missing_image_pair
IL_6921814__sdpair_005,0.0,0.0,0.0,0.0,0.0,1.0,0.0,0.0,0.0,0.0,0.0,INF,IL_6921814,True,0,False,False,,False,False,False,True,False,missing_image_pair
IL_7167860__sdpair_000,0.0,0.0,0.0,0.0,0.0,1.0,0.0,0.0,0.0,0.0,0.0,INF,IL_7167860,True,0,False,False,,False,False,False,True,False,missing_image_pair
IL_7167860__sdpair_001,0.0,0.0,0.0,0.0,0.0,1.0,0.0,0.0,0.0,0.0,0.0,INF,IL_7167860,True,0,False,False,,False,False,False,True,False,missing_image_pair
IL_7167860__sdpair_002,0.0,0.0,0.0,0.0,0.0,1.0,0.0,0.0,0.0,0.0,0.0,INF,IL_7167860,True,0,False,False,,False,False,False,True,False,missing_image_pair
IL_7167860__sdpair_003,0.0,0.0,0.0,0.0,0.0,1.0,0.0,0.0,0.0,0.0,0.0,INF,IL_7167860,True,0,False,False,,False,False,False,False,False,missing_image_pair
IL_7331633__sdpair_002,0.0,0.0,0.0,0.0,0.0,1.0,0.0,0.0,0.0,0.0,0.0,INF,IL_7331633,True,0,False,False,,False,False,False,True,False,missing_image_pair
IL_7331633__sdpair_004,0.0,0.0,0.0,0.0,0.0,1.0,0.0,0.0,0.0,0.0,0.0,INF,IL_7331633,True,0,False,False,,False,False,False,True,False,missing_image_pair
IL_7478633__sdpair_000,0.0,0.0,0.0,0.0,0.0,1.0,0.0,0.0,0.0,0.0,0.0,INF,IL_7478633,True,0,False,False,,False,False,False,True,False,missing_image_pair
IL_7478633__sdpair_001,0.0,0.0,0.0,0.0,0.0,1.0,0.0,0.0,0.0,0.0,0.0,INF,IL_7478633,True,0,False,False,,False,False,False,True,False,missing_image_pair
IL_7825634__sdpair_002,0.0,0.0,0.0,0.0,0.0,1.0,0.0,0.0,0.0,0.0,0.0,INF,IL_7825634,True,0,False,False,,False,False,False,True,False,missing_image_pair
IL_7825634__sdpair_004,0.0,0.0,0.0,0.0,0.0,1.0,0.0,0.0,0.0,0.0,0.0,INF,IL_7825634,True,0,False,False,,False,False,False,True,False,missing_image_pair
IL_7896547__sdpair_001,0.0,0.0,0.0,0.0,0.0,1.0,0.0,0.0,0.0,0.0,0.0,INF,IL_7896547,True,0,False,False,,False,False,False,True,False,missing_image_pair
IL_7896547__sdpair_002,0.0,0.0,0.0,0.0,0.0,1.0,0.0,0.0,0.0,0.0,0.0,INF,IL_7896547,True,0,False,False,,False,False,False,True,False,missing_image_pair
IL_7896547__sdpair_004,0.0,0.0,0.0,0.0,0.0,1.0,0.0,0.0,0.0,0.0,0.0,INF,IL_7896547,True,0,False,False,,False,False,False,True,False,missing_image_pair
IL_8102879__sdpair_003,0.0,0.0,0.0,0.0,0.0,1.0,0.0,0.0,0.0,0.0,0.0,INF,IL_8102879,True,0,False,False,,False,False,False,True,False,missing_image_pair
IL_8124925__sdpair_000,0.0,0.0,0.0,0.0,0.0,1.0,0.0,0.0,0.0,0.0,0.0,INF,IL_8124925,True,0,False,False,,False,False,False,True,False,missing_image_pair
IL_8124925__sdpair_001,0.0,0.0,0.0,0.0,0.0,1.0,0.0,0.0,0.0,0.0,0.0,INF,IL_8124925,True,0,False,False,,False,False,False,True,False,missing_image_pair
IL_8124925__sdpair_002,0.0,0.0,0.0,0.0,0.0,1.0,0.0,0.0,0.0,0.0,0.0,INF,IL_8124925,True,0,False,False,,False,False,False,True,False,missing_image_pair
IL_8439517__sdpair_000,0.0,0.0,0.0,0.0,0.0,1.0,0.0,0.0,0.0,0.0,0.0,INF,IL_8439517,True,0,False,False,,False,False,False,True,False,missing_image_pair
IL_8439517__sdpair_005,0.0,0.0,0.0,0.0,0.0,1.0,0.0,0.0,0.0,0.0,0.0,INF,IL_8439517,True,0,False,False,,False,False,False,True,False,missing_image_pair
IL_8698516__sdpair_001,0.0,0.0,0.0,0.0,0.0,1.0,0.0,0.0,0.0,0.0,0.0,INF,IL_8698516,True,0,False,False,,False,False,False,True,False,missing_image_pair
IL_9408951__sdpair_001,0.0,0.0,0.0,0.0,0.0,1.0,0.0,0.0,0.0,0.0,0.0,INF,IL_9408951,True,0,False,False,,False,False,False,True,False,missing_image_pair
IL_9475061__sdpair_001,0.0,0.0,0.0,0.0,0.0,1.0,0.0,0.0,0.0,0.0,0.0,INF,IL_9475061,True,0,False,False,,False,False,False,True,False,missing_image_pair
IL_9475061__sdpair_003,0.0,0.0,0.0,0.0,0.0,1.0,0.0,0.0,0.0,0.0,0.0,INF,IL_9475061,True,0,False,False,,False,False,False,True,False,missing_image_pair
IL_9475061__sdpair_004,0.0,0.0,0.0,0.0,0.0,1.0,0.0,0.0,0.0,0.0,0.0,INF,IL_9475061,True,0,False,False,,False,False,False,True,False,missing_image_pair
IL_9480741__sdpair_002,0.0,0.0,0.0,0.0,0.0,1.0,0.0,0.0,0.0,0.0,0.0,INF,IL_9480741,True,0,False,False,,False,False,False,True,False,missing_image_pair
IL_9480741__sdpair_004,0.0,0.0,0.0,0.0,0.0,1.0,0.0,0.0,0.0,0.0,0.0,INF,IL_9480741,True,0,False,False,,False,False,False,True,False,missing_image_pair
IL_9480741__sdpair_005,0.0,0.0,0.0,0.0,0.0,1.0,0.0,0.0,0.0,0.0,0.0,INF,IL_9480741,True,0,False,False,,False,False,False,True,False,missing_image_pair
IL_0286681__sdpair_000,0.0,0.0,0.0,0.0,1.0,0.0,0.0,0.0,0.0,0.0,0.0,DF,IL_0286681,True,0,False,False,,False,False,False,True,False,missing_image_pair
IL_0286681__sdpair_001,0.0,0.0,0.0,0.0,1.0,0.0,0.0,0.0,0.0,0.0,0.0,DF,IL_0286681,True,0,False,False,,False,False,False,True,False,missing_image_pair
IL_0286681__sdpair_002,0.0,0.0,0.0,0.0,1.0,0.0,0.0,0.0,0.0,0.0,0.0,DF,IL_0286681,True,0,False,False,,False,False,False,True,False,missing_image_pair
IL_0286681__sdpair_004,0.0,0.0,0.0,0.0,1.0,0.0,0.0,0.0,0.0,0.0,0.0,DF,IL_0286681,True,0,False,False,,False,False,False,False,False,missing_image_pair
IL_0335720__sdpair_003,0.0,0.0,0.0,0.0,1.0,0.0,0.0,0.0,0.0,0.0,0.0,DF,IL_0335720,True,0,False,False,,False,False,False,True,False,missing_image_pair
IL_0335720__sdpair_005,0.0,0.0,0.0,0.0,1.0,0.0,0.0,0.0,0.0,0.0,0.0,DF,IL_0335720,True,0,False,False,,False,False,False,True,False,missing_image_pair
IL_0868364__sdpair_000,0.0,0.0,0.0,0.0,1.0,0.0,0.0,0.0,0.0,0.0,0.0,DF,IL_0868364,True,0,False,False,,False,False,False,True,False,missing_image_pair
IL_0868364__sdpair_003,0.0,0.0,0.0,0.0,1.0,0.0,0.0,0.0,0.0,0.0,0.0,DF,IL_0868364,True,0,False,False,,False,False,False,True,False,missing_image_pair
IL_0868364__sdpair_005,0.0,0.0,0.0,0.0,1.0,0.0,0.0,0.0,0.0,0.0,0.0,DF,IL_0868364,True,0,False,False,,False,False,False,True,False,missing_image_pair
IL_0960314__sdpair_002,0.0,0.0,0.0,0.0,1.0,0.0,0.0,0.0,0.0,0.0,0.0,DF,IL_0960314,True,0,False,False,,False,False,False,True,False,missing_image_pair
IL_0960314__sdpair_003,0.0,0.0,0.0,0.0,1.0,0.0,0.0,0.0,0.0,0.0,0.0,DF,IL_0960314,True,0,False,False,,False,False,False,True,False,missing_image_pair
IL_0960314__sdpair_004,0.0,0.0,0.0,0.0,1.0,0.0,0.0,0.0,0.0,0.0,0.0,DF,IL_0960314,True,0,False,False,,False,False,False,True,False,missing_image_pair
IL_1274055__sdpair_001,0.0,0.0,0.0,0.0,1.0,0.0,0.0,0.0,0.0,0.0,0.0,DF,IL_1274055,True,0,False,False,,False,False,False,True,False,missing_image_pair
IL_1477835__sdpair_001,0.0,0.0,0.0,0.0,1.0,0.0,0.0,0.0,0.0,0.0,0.0,DF,IL_1477835,True,0,False,False,,False,False,False,True,False,missing_image_pair
IL_1651344__sdpair_000,0.0,0.0,0.0,0.0,1.0,0.0,0.0,0.0,0.0,0.0,0.0,DF,IL_1651344,True,0,False,False,,False,False,False,True,False,missing_image_pair
IL_1651344__sdpair_003,0.0,0.0,0.0,0.0,1.0,0.0,0.0,0.0,0.0,0.0,0.0,DF,IL_1651344,True,0,False,False,,False,False,False,True,False,missing_image_pair
IL_1651344__sdpair_004,0.0,0.0,0.0,0.0,1.0,0.0,0.0,0.0,0.0,0.0,0.0,DF,IL_1651344,True,0,False,False,,False,False,False,True,False,missing_image_pair
IL_1861760__sdpair_002,0.0,0.0,0.0,0.0,1.0,0.0,0.0,0.0,0.0,0.0,0.0,DF,IL_1861760,True,0,False,False,,False,False,False,True,False,missing_image_pair
IL_1861760__sdpair_004,0.0,0.0,0.0,0.0,1.0,0.0,0.0,0.0,0.0,0.0,0.0,DF,IL_1861760,True,0,False,False,,False,False,False,True,False,missing_image_pair
IL_2014821__sdpair_000,0.0,0.0,0.0,0.0,1.0,0.0,0.0,0.0,0.0,0.0,0.0,DF,IL_2014821,True,0,False,False,,False,False,False,True,False,missing_image_pair
IL_2103836__sdpair_002,0.0,0.0,0.0,0.0,1.0,0.0,0.0,0.0,0.0,0.0,0.0,DF,IL_2103836,True,0,False,False,,False,False,False,True,False,missing_image_pair
IL_2103836__sdpair_004,0.0,0.0,0.0,0.0,1.0,0.0,0.0,0.0,0.0,0.0,0.0,DF,IL_2103836,True,0,False,False,,False,False,False,True,False,missing_image_pair
IL_2103836__sdpair_005,0.0,0.0,0.0,0.0,1.0,0.0,0.0,0.0,0.0,0.0,0.0,DF,IL_2103836,True,0,False,False,,False,False,False,True,False,missing_image_pair
IL_2972569__sdpair_002,0.0,0.0,0.0,0.0,1.0,0.0,0.0,0.0,0.0,0.0,0.0,DF,IL_2972569,True,0,False,False,,False,False,False,True,False,missing_image_pair
IL_2972569__sdpair_005,0.0,0.0,0.0,0.0,1.0,0.0,0.0,0.0,0.0,0.0,0.0,DF,IL_2972569,True,0,False,False,,False,False,False,True,False,missing_image_pair
IL_3032174__sdpair_000,0.0,0.0,0.0,0.0,1.0,0.0,0.0,0.0,0.0,0.0,0.0,DF,IL_3032174,True,0,False,False,,False,False,False,True,False,missing_image_pair
IL_3032174__sdpair_001,0.0,0.0,0.0,0.0,1.0,0.0,0.0,0.0,0.0,0.0,0.0,DF,IL_3032174,True,0,False,False,,False,False,False,True,False,missing_image_pair
IL_3032174__sdpair_002,0.0,0.0,0.0,0.0,1.0,0.0,0.0,0.0,0.0,0.0,0.0,DF,IL_3032174,True,0,False,False,,False,False,False,True,False,missing_image_pair
IL_3180618__sdpair_000,0.0,0.0,0.0,0.0,1.0,0.0,0.0,0.0,0.0,0.0,0.0,DF,IL_3180618,True,0,False,False,,False,False,False,True,False,missing_image_pair
IL_3180618__sdpair_003,0.0,0.0,0.0,0.0,1.0,0.0,0.0,0.0,0.0,0.0,0.0,DF,IL_3180618,True,0,False,False,,False,False,False,True,False,missing_image_pair
IL_3180618__sdpair_004,0.0,0.0,0.0,0.0,1.0,0.0,0.0,0.0,0.0,0.0,0.0,DF,IL_3180618,True,0,False,False,,False,False,False,True,False,missing_image_pair
IL_3180618__sdpair_005,0.0,0.0,0.0,0.0,1.0,0.0,0.0,0.0,0.0,0.0,0.0,DF,IL_3180618,True,0,False,False,,False,False,False,False,False,missing_image_pair
IL_3400636__sdpair_001,0.0,0.0,0.0,0.0,1.0,0.0,0.0,0.0,0.0,0.0,0.0,DF,IL_3400636,True,0,False,False,,False,False,False,True,False,missing_image_pair
IL_3400636__sdpair_003,0.0,0.0,0.0,0.0,1.0,0.0,0.0,0.0,0.0,0.0,0.0,DF,IL_3400636,True,0,False,False,,False,False,False,True,False,missing_image_pair
IL_3400636__sdpair_004,0.0,0.0,0.0,0.0,1.0,0.0,0.0,0.0,0.0,0.0,0.0,DF,IL_3400636,True,0,False,False,,False,False,False,True,False,missing_image_pair
IL_3400636__sdpair_005,0.0,0.0,0.0,0.0,1.0,0.0,0.0,0.0,0.0,0.0,0.0,DF,IL_3400636,True,0,False,False,,False,False,False,False,False,missing_image_pair
IL_3853188__sdpair_000,0.0,0.0,0.0,0.0,1.0,0.0,0.0,0.0,0.0,0.0,0.0,DF,IL_3853188,True,0,False,False,,False,False,False,True,False,missing_image_pair
IL_3853188__sdpair_003,0.0,0.0,0.0,0.0,1.0,0.0,0.0,0.0,0.0,0.0,0.0,DF,IL_3853188,True,0,False,False,,False,False,False,True,False,missing_image_pair
IL_3861295__sdpair_000,0.0,0.0,0.0,0.0,1.0,0.0,0.0,0.0,0.0,0.0,0.0,DF,IL_3861295,True,0,False,False,,False,False,False,True,False,missing_image_pair
IL_3861295__sdpair_001,0.0,0.0,0.0,0.0,1.0,0.0,0.0,0.0,0.0,0.0,0.0,DF,IL_3861295,True,0,False,False,,False,False,False,True,False,missing_image_pair
IL_3861295__sdpair_002,0.0,0.0,0.0,0.0,1.0,0.0,0.0,0.0,0.0,0.0,0.0,DF,IL_3861295,True,0,False,False,,False,False,False,True,False,missing_image_pair
IL_3861295__sdpair_004,0.0,0.0,0.0,0.0,1.0,0.0,0.0,0.0,0.0,0.0,0.0,DF,IL_3861295,True,0,False,False,,False,False,False,False,False,missing_image_pair
IL_3861295__sdpair_005,0.0,0.0,0.0,0.0,1.0,0.0,0.0,0.0,0.0,0.0,0.0,DF,IL_3861295,True,0,False,False,,False,False,False,False,False,missing_image_pair
IL_3901946__sdpair_001,0.0,0.0,0.0,0.0,1.0,0.0,0.0,0.0,0.0,0.0,0.0,DF,IL_3901946,True,0,False,False,,False,False,False,True,False,missing_image_pair
IL_3901946__sdpair_004,0.0,0.0,0.0,0.0,1.0,0.0,0.0,0.0,0.0,0.0,0.0,DF,IL_3901946,True,0,False,False,,False,False,False,True,False,missing_image_pair
IL_3901946__sdpair_005,0.0,0.0,0.0,0.0,1.0,0.0,0.0,0.0,0.0,0.0,0.0,DF,IL_3901946,True,0,False,False,,False,False,False,True,False,missing_image_pair
IL_4133123__sdpair_001,0.0,0.0,0.0,0.0,1.0,0.0,0.0,0.0,0.0,0.0,0.0,DF,IL_4133123,True,0,False,False,,False,False,False,True,False,missing_image_pair
IL_5311441__sdpair_005,0.0,0.0,0.0,0.0,1.0,0.0,0.0,0.0,0.0,0.0,0.0,DF,IL_5311441,True,0,False,False,,False,False,False,True,False,missing_image_pair
IL_5482289__sdpair_000,0.0,0.0,0.0,0.0,1.0,0.0,0.0,0.0,0.0,0.0,0.0,DF,IL_5482289,True,0,False,False,,False,False,False,True,False,missing_image_pair
IL_5482289__sdpair_001,0.0,0.0,0.0,0.0,1.0,0.0,0.0,0.0,0.0,0.0,0.0,DF,IL_5482289,True,0,False,False,,False,False,False,True,False,missing_image_pair
IL_5482289__sdpair_003,0.0,0.0,0.0,0.0,1.0,0.0,0.0,0.0,0.0,0.0,0.0,DF,IL_5482289,True,0,False,False,,False,False,False,True,False,missing_image_pair
IL_5482289__sdpair_005,0.0,0.0,0.0,0.0,1.0,0.0,0.0,0.0,0.0,0.0,0.0,DF,IL_5482289,True,0,False,False,,False,False,False,False,False,missing_image_pair
IL_5631172__sdpair_000,0.0,0.0,0.0,0.0,1.0,0.0,0.0,0.0,0.0,0.0,0.0,DF,IL_5631172,True,0,False,False,,False,False,False,True,False,missing_image_pair
IL_5631172__sdpair_001,0.0,0.0,0.0,0.0,1.0,0.0,0.0,0.0,0.0,0.0,0.0,DF,IL_5631172,True,0,False,False,,False,False,False,True,False,missing_image_pair
IL_5631172__sdpair_003,0.0,0.0,0.0,0.0,1.0,0.0,0.0,0.0,0.0,0.0,0.0,DF,IL_5631172,True,0,False,False,,False,False,False,True,False,missing_image_pair
IL_5631172__sdpair_004,0.0,0.0,0.0,0.0,1.0,0.0,0.0,0.0,0.0,0.0,0.0,DF,IL_5631172,True,0,False,False,,False,False,False,False,False,missing_image_pair
IL_7048697__sdpair_004,0.0,0.0,0.0,0.0,1.0,0.0,0.0,0.0,0.0,0.0,0.0,DF,IL_7048697,True,0,False,False,,False,False,False,True,False,missing_image_pair
IL_7230788__sdpair_003,0.0,0.0,0.0,0.0,1.0,0.0,0.0,0.0,0.0,0.0,0.0,DF,IL_7230788,True,0,False,False,,False,False,False,True,False,missing_image_pair
IL_7528128__sdpair_005,0.0,0.0,0.0,0.0,1.0,0.0,0.0,0.0,0.0,0.0,0.0,DF,IL_7528128,True,0,False,False,,False,False,False,True,False,missing_image_pair
IL_7991885__sdpair_000,0.0,0.0,0.0,0.0,1.0,0.0,0.0,0.0,0.0,0.0,0.0,DF,IL_7991885,True,0,False,False,,False,False,False,True,False,missing_image_pair
IL_7991885__sdpair_001,0.0,0.0,0.0,0.0,1.0,0.0,0.0,0.0,0.0,0.0,0.0,DF,IL_7991885,True,0,False,False,,False,False,False,True,False,missing_image_pair
IL_7991885__sdpair_002,0.0,0.0,0.0,0.0,1.0,0.0,0.0,0.0,0.0,0.0,0.0,DF,IL_7991885,True,0,False,False,,False,False,False,True,False,missing_image_pair
IL_7991885__sdpair_003,0.0,0.0,0.0,0.0,1.0,0.0,0.0,0.0,0.0,0.0,0.0,DF,IL_7991885,True,0,False,False,,False,False,False,False,False,missing_image_pair
IL_7991885__sdpair_004,0.0,0.0,0.0,0.0,1.0,0.0,0.0,0.0,0.0,0.0,0.0,DF,IL_7991885,True,0,False,False,,False,False,False,False,False,missing_image_pair
IL_7991885__sdpair_005,0.0,0.0,0.0,0.0,1.0,0.0,0.0,0.0,0.0,0.0,0.0,DF,IL_7991885,True,0,False,False,,False,False,False,False,False,missing_image_pair
IL_8933396__sdpair_000,0.0,0.0,0.0,0.0,1.0,0.0,0.0,0.0,0.0,0.0,0.0,DF,IL_8933396,True,0,False,False,,False,False,False,True,False,missing_image_pair
IL_8933396__sdpair_001,0.0,0.0,0.0,0.0,1.0,0.0,0.0,0.0,0.0,0.0,0.0,DF,IL_8933396,True,0,False,False,,False,False,False,True,False,missing_image_pair
IL_8933396__sdpair_002,0.0,0.0,0.0,0.0,1.0,0.0,0.0,0.0,0.0,0.0,0.0,DF,IL_8933396,True,0,False,False,,False,False,False,True,False,missing_image_pair
IL_8933396__sdpair_003,0.0,0.0,0.0,0.0,1.0,0.0,0.0,0.0,0.0,0.0,0.0,DF,IL_8933396,True,0,False,False,,False,False,False,False,False,missing_image_pair
IL_8933396__sdpair_004,0.0,0.0,0.0,0.0,1.0,0.0,0.0,0.0,0.0,0.0,0.0,DF,IL_8933396,True,0,False,False,,False,False,False,False,False,missing_image_pair
IL_8933396__sdpair_005,0.0,0.0,0.0,0.0,1.0,0.0,0.0,0.0,0.0,0.0,0.0,DF,IL_8933396,True,0,False,False,,False,False,False,False,False,missing_image_pair
IL_9344336__sdpair_003,0.0,0.0,0.0,0.0,1.0,0.0,0.0,0.0,0.0,0.0,0.0,DF,IL_9344336,True,0,False,False,,False,False,False,True,False,missing_image_pair
IL_9344336__sdpair_005,0.0,0.0,0.0,0.0,1.0,0.0,0.0,0.0,0.0,0.0,0.0,DF,IL_9344336,True,0,False,False,,False,False,False,True,False,missing_image_pair
IL_9353162__sdpair_005,0.0,0.0,0.0,0.0,1.0,0.0,0.0,0.0,0.0,0.0,0.0,DF,IL_9353162,True,0,False,False,,False,False,False,True,False,missing_image_pair
IL_9413629__sdpair_000,0.0,0.0,0.0,0.0,1.0,0.0,0.0,0.0,0.0,0.0,0.0,DF,IL_9413629,True,0,False,False,,False,False,False,True,False,missing_image_pair
IL_9413629__sdpair_001,0.0,0.0,0.0,0.0,1.0,0.0,0.0,0.0,0.0,0.0,0.0,DF,IL_9413629,True,0,False,False,,False,False,False,True,False,missing_image_pair
IL_9413629__sdpair_003,0.0,0.0,0.0,0.0,1.0,0.0,0.0,0.0,0.0,0.0,0.0,DF,IL_9413629,True,0,False,False,,False,False,False,True,False,missing_image_pair
IL_9413629__sdpair_005,0.0,0.0,0.0,0.0,1.0,0.0,0.0,0.0,0.0,0.0,0.0,DF,IL_9413629,True,0,False,False,,False,False,False,False,False,missing_image_pair
IL_9453516__sdpair_002,0.0,0.0,0.0,0.0,1.0,0.0,0.0,0.0,0.0,0.0,0.0,DF,IL_9453516,True,0,False,False,,False,False,False,True,False,missing_image_pair
IL_9453516__sdpair_003,0.0,0.0,0.0,0.0,1.0,0.0,0.0,0.0,0.0,0.0,0.0,DF,IL_9453516,True,0,False,False,,False,False,False,True,False,missing_image_pair
IL_9453516__sdpair_005,0.0,0.0,0.0,0.0,1.0,0.0,0.0,0.0,0.0,0.0,0.0,DF,IL_9453516,True,0,False,False,,False,False,False,True,False,missing_image_pair
IL_9563257__sdpair_000,0.0,0.0,0.0,0.0,1.0,0.0,0.0,0.0,0.0,0.0,0.0,DF,IL_9563257,True,0,False,False,,False,False,False,True,False,missing_image_pair
IL_9563257__sdpair_004,0.0,0.0,0.0,0.0,1.0,0.0,0.0,0.0,0.0,0.0,0.0,DF,IL_9563257,True,0,False,False,,False,False,False,True,False,missing_image_pair
IL_9624462__sdpair_001,0.0,0.0,0.0,0.0,1.0,0.0,0.0,0.0,0.0,0.0,0.0,DF,IL_9624462,True,0,False,False,,False,False,False,True,False,missing_image_pair
IL_9624462__sdpair_002,0.0,0.0,0.0,0.0,1.0,0.0,0.0,0.0,0.0,0.0,0.0,DF,IL_9624462,True,0,False,False,,False,False,False,True,False,missing_image_pair
IL_9624462__sdpair_003,0.0,0.0,0.0,0.0,1.0,0.0,0.0,0.0,0.0,0.0,0.0,DF,IL_9624462,True,0,False,False,,False,False,False,True,False,missing_image_pair
IL_9624462__sdpair_004,0.0,0.0,0.0,0.0,1.0,0.0,0.0,0.0,0.0,0.0,0.0,DF,IL_9624462,True,0,False,False,,False,False,False,False,False,missing_image_pair
IL_9679718__sdpair_000,0.0,0.0,0.0,0.0,1.0,0.0,0.0,0.0,0.0,0.0,0.0,DF,IL_9679718,True,0,False,False,,False,False,False,True,False,missing_image_pair
IL_9679718__sdpair_002,0.0,0.0,0.0,0.0,1.0,0.0,0.0,0.0,0.0,0.0,0.0,DF,IL_9679718,True,0,False,False,,False,False,False,True,False,missing_image_pair
IL_9679718__sdpair_003,0.0,0.0,0.0,0.0,1.0,0.0,0.0,0.0,0.0,0.0,0.0,DF,IL_9679718,True,0,False,False,,False,False,False,True,False,missing_image_pair
IL_9713334__sdpair_004,0.0,0.0,0.0,0.0,1.0,0.0,0.0,0.0,0.0,0.0,0.0,DF,IL_9713334,True,0,False,False,,False,False,False,True,False,missing_image_pair
IL_9840660__sdpair_000,0.0,0.0,0.0,0.0,1.0,0.0,0.0,0.0,0.0,0.0,0.0,DF,IL_9840660,True,0,False,False,,False,False,False,True,False,missing_image_pair
IL_9840660__sdpair_001,0.0,0.0,0.0,0.0,1.0,0.0,0.0,0.0,0.0,0.0,0.0,DF,IL_9840660,True,0,False,False,,False,False,False,True,False,missing_image_pair
IL_9840660__sdpair_002,0.0,0.0,0.0,0.0,1.0,0.0,0.0,0.0,0.0,0.0,0.0,DF,IL_9840660,True,0,False,False,,False,False,False,True,False,missing_image_pair
IL_9840660__sdpair_003,0.0,0.0,0.0,0.0,1.0,0.0,0.0,0.0,0.0,0.0,0.0,DF,IL_9840660,True,0,False,False,,False,False,False,False,False,missing_image_pair
IL_9840660__sdpair_004,0.0,0.0,0.0,0.0,1.0,0.0,0.0,0.0,0.0,0.0,0.0,DF,IL_9840660,True,0,False,False,,False,False,False,False,False,missing_image_pair
IL_9840660__sdpair_005,0.0,0.0,0.0,0.0,1.0,0.0,0.0,0.0,0.0,0.0,0.0,DF,IL_9840660,True,0,False,False,,False,False,False,False,False,missing_image_pair
IL_0252336__sdpair_000,0.0,0.0,0.0,0.0,0.0,0.0,1.0,0.0,0.0,0.0,0.0,MAL_OTH,IL_0252336,True,0,False,False,,False,False,False,True,False,missing_image_pair
IL_0252336__sdpair_002,0.0,0.0,0.0,0.0,0.0,0.0,1.0,0.0,0.0,0.0,0.0,MAL_OTH,IL_0252336,True,0,False,False,,False,False,False,True,False,missing_image_pair
IL_0252336__sdpair_004,0.0,0.0,0.0,0.0,0.0,0.0,1.0,0.0,0.0,0.0,0.0,MAL_OTH,IL_0252336,True,0,False,False,,False,False,False,False,False,missing_image_pair
IL_0252336__sdpair_005,0.0,0.0,0.0,0.0,0.0,0.0,1.0,0.0,0.0,0.0,0.0,MAL_OTH,IL_0252336,True,0,False,False,,False,False,False,False,False,missing_image_pair
IL_0252336__sdpair_007,0.0,0.0,0.0,0.0,0.0,0.0,1.0,0.0,0.0,0.0,0.0,MAL_OTH,IL_0252336,True,0,False,False,,False,False,False,False,False,missing_image_pair
IL_3397052__sdpair_002,0.0,0.0,0.0,0.0,0.0,0.0,1.0,0.0,0.0,0.0,0.0,MAL_OTH,IL_3397052,True,0,False,False,,False,False,False,True,False,missing_image_pair
IL_3397052__sdpair_004,0.0,0.0,0.0,0.0,0.0,0.0,1.0,0.0,0.0,0.0,0.0,MAL_OTH,IL_3397052,True,0,False,False,,False,False,False,True,False,missing_image_pair
IL_3397052__sdpair_005,0.0,0.0,0.0,0.0,0.0,0.0,1.0,0.0,0.0,0.0,0.0,MAL_OTH,IL_3397052,True,0,False,False,,False,False,False,False,False,missing_image_pair
IL_3397052__sdpair_007,0.0,0.0,0.0,0.0,0.0,0.0,1.0,0.0,0.0,0.0,0.0,MAL_OTH,IL_3397052,True,0,False,False,,False,False,False,False,False,missing_image_pair
IL_3397052__sdpair_008,0.0,0.0,0.0,0.0,0.0,0.0,1.0,0.0,0.0,0.0,0.0,MAL_OTH,IL_3397052,True,0,False,False,,False,False,False,False,False,missing_image_pair
IL_3397052__sdpair_009,0.0,0.0,0.0,0.0,0.0,0.0,1.0,0.0,0.0,0.0,0.0,MAL_OTH,IL_3397052,True,0,False,False,,False,False,False,False,False,missing_image_pair
IL_3772010__sdpair_001,0.0,0.0,0.0,0.0,0.0,0.0,1.0,0.0,0.0,0.0,0.0,MAL_OTH,IL_3772010,True,0,False,False,,False,False,False,True,False,missing_image_pair
IL_3772010__sdpair_002,0.0,0.0,0.0,0.0,0.0,0.0,1.0,0.0,0.0,0.0,0.0,MAL_OTH,IL_3772010,True,0,False,False,,False,False,False,True,False,missing_image_pair
IL_3772010__sdpair_003,0.0,0.0,0.0,0.0,0.0,0.0,1.0,0.0,0.0,0.0,0.0,MAL_OTH,IL_3772010,True,0,False,False,,False,False,False,True,False,missing_image_pair
IL_3772010__sdpair_006,0.0,0.0,0.0,0.0,0.0,0.0,1.0,0.0,0.0,0.0,0.0,MAL_OTH,IL_3772010,True,0,False,False,,False,False,False,False,False,missing_image_pair
IL_3772010__sdpair_007,0.0,0.0,0.0,0.0,0.0,0.0,1.0,0.0,0.0,0.0,0.0,MAL_OTH,IL_3772010,True,0,False,False,,False,False,False,False,False,missing_image_pair
IL_6598167__sdpair_001,0.0,0.0,0.0,0.0,0.0,0.0,1.0,0.0,0.0,0.0,0.0,MAL_OTH,IL_6598167,True,0,False,False,,False,False,False,True,False,missing_image_pair
IL_6598167__sdpair_002,0.0,0.0,0.0,0.0,0.0,0.0,1.0,0.0,0.0,0.0,0.0,MAL_OTH,IL_6598167,True,0,False,False,,False,False,False,True,False,missing_image_pair
IL_6598167__sdpair_003,0.0,0.0,0.0,0.0,0.0,0.0,1.0,0.0,0.0,0.0,0.0,MAL_OTH,IL_6598167,True,0,False,False,,False,False,False,False,False,missing_image_pair
IL_6598167__sdpair_004,0.0,0.0,0.0,0.0,0.0,0.0,1.0,0.0,0.0,0.0,0.0,MAL_OTH,IL_6598167,True,0,False,False,,False,False,False,False,False,missing_image_pair
IL_6598167__sdpair_005,0.0,0.0,0.0,0.0,0.0,0.0,1.0,0.0,0.0,0.0,0.0,MAL_OTH,IL_6598167,True,0,False,False,,False,False,False,False,False,missing_image_pair
IL_6598167__sdpair_006,0.0,0.0,0.0,0.0,0.0,0.0,1.0,0.0,0.0,0.0,0.0,MAL_OTH,IL_6598167,True,0,False,False,,False,False,False,False,False,missing_image_pair
IL_6598167__sdpair_007,0.0,0.0,0.0,0.0,0.0,0.0,1.0,0.0,0.0,0.0,0.0,MAL_OTH,IL_6598167,True,0,False,False,,False,False,False,False,False,missing_image_pair
IL_6598167__sdpair_008,0.0,0.0,0.0,0.0,0.0,0.0,1.0,0.0,0.0,0.0,0.0,MAL_OTH,IL_6598167,True,0,False,False,,False,False,False,False,False,missing_image_pair
IL_6598167__sdpair_009,0.0,0.0,0.0,0.0,0.0,0.0,1.0,0.0,0.0,0.0,0.0,MAL_OTH,IL_6598167,True,0,False,False,,False,False,False,False,False,missing_image_pair
IL_7340563__sdpair_000,0.0,0.0,0.0,0.0,0.0,0.0,1.0,0.0,0.0,0.0,0.0,MAL_OTH,IL_7340563,True,0,False,False,,False,False,False,True,False,missing_image_pair
IL_7340563__sdpair_005,0.0,0.0,0.0,0.0,0.0,0.0,1.0,0.0,0.0,0.0,0.0,MAL_OTH,IL_7340563,True,0,False,False,,False,False,False,True,False,missing_image_pair
IL_7488705__sdpair_000,0.0,0.0,0.0,0.0,0.0,0.0,1.0,0.0,0.0,0.0,0.0,MAL_OTH,IL_7488705,True,0,False,False,,False,False,False,True,False,missing_image_pair
IL_7488705__sdpair_002,0.0,0.0,0.0,0.0,0.0,0.0,1.0,0.0,0.0,0.0,0.0,MAL_OTH,IL_7488705,True,0,False,False,,False,False,False,True,False,missing_image_pair
IL_7488705__sdpair_005,0.0,0.0,0.0,0.0,0.0,0.0,1.0,0.0,0.0,0.0,0.0,MAL_OTH,IL_7488705,True,0,False,False,,False,False,False,False,False,missing_image_pair
IL_7488705__sdpair_006,0.0,0.0,0.0,0.0,0.0,0.0,1.0,0.0,0.0,0.0,0.0,MAL_OTH,IL_7488705,True,0,False,False,,False,False,False,False,False,missing_image_pair
IL_7488705__sdpair_007,0.0,0.0,0.0,0.0,0.0,0.0,1.0,0.0,0.0,0.0,0.0,MAL_OTH,IL_7488705,True,0,False,False,,False,False,False,False,False,missing_image_pair
IL_7488705__sdpair_008,0.0,0.0,0.0,0.0,0.0,0.0,1.0,0.0,0.0,0.0,0.0,MAL_OTH,IL_7488705,True,0,False,False,,False,False,False,False,False,missing_image_pair
IL_7488705__sdpair_009,0.0,0.0,0.0,0.0,0.0,0.0,1.0,0.0,0.0,0.0,0.0,MAL_OTH,IL_7488705,True,0,False,False,,False,False,False,False,False,missing_image_pair
IL_8907892__sdpair_000,0.0,0.0,0.0,0.0,0.0,0.0,1.0,0.0,0.0,0.0,0.0,MAL_OTH,IL_8907892,True,0,False,False,,False,False,False,False,False,missing_image_pair
IL_8907892__sdpair_004,0.0,0.0,0.0,0.0,0.0,0.0,1.0,0.0,0.0,0.0,0.0,MAL_OTH,IL_8907892,True,0,False,False,,False,False,False,False,False,missing_image_pair
IL_8907892__sdpair_005,0.0,0.0,0.0,0.0,0.0,0.0,1.0,0.0,0.0,0.0,0.0,MAL_OTH,IL_8907892,True,0,False,False,,False,False,False,False,False,missing_image_pair
IL_8907892__sdpair_006,0.0,0.0,0.0,0.0,0.0,0.0,1.0,0.0,0.0,0.0,0.0,MAL_OTH,IL_8907892,True,0,False,False,,False,False,False,False,False,missing_image_pair
IL_8907892__sdpair_008,0.0,0.0,0.0,0.0,0.0,0.0,1.0,0.0,0.0,0.0,0.0,MAL_OTH,IL_8907892,True,0,False,False,,False,False,False,False,False,missing_image_pair
IL_8907892__sdpair_009,0.0,0.0,0.0,0.0,0.0,0.0,1.0,0.0,0.0,0.0,0.0,MAL_OTH,IL_8907892,True,0,False,False,,False,False,False,False,False,missing_image_pair
